image_id,parent_original_id,split,label,source,source_class,visual_issue,group_id,is_augmented,augmentation,local_path,width,height,jpeg_quality,sha256
d181c82a00b49f934e514142,d181c82a00b49f934e514142,train,healthy,field_garden,aloe_vera,healthy,field:inat:402649304,0,none,images/train/healthy/d181c82a00b49f934e514142.jpg,320,240,80,1d12dd9ce7e4a244c7e3822bce56b16cd753b661efe77629a6d0cbfcbba9c49a
d181c82a00b49f934e514142__aug01,d181c82a00b49f934e514142,train,healthy,field_garden,aloe_vera,healthy,field:inat:402649304,1,"{""horizontal_flip"":false,""zoom"":1.0816,""rotation_degrees"":3.674,""brightness"":1.1316,""contrast"":0.8354,""saturation"":1.0594,""blur_radius"":0.473,""noise_sigma"":5.144,""noise_seed"":2147484964,""jpeg_quality"":48}",images/train/healthy/d181c82a00b49f934e514142__aug01.jpg,320,240,48,6c588cb0d036f69f2c650b80531bddfb6b5cee67335b7b21c894a228ffb28e93
2b4cd370f01362c2c164581b,2b4cd370f01362c2c164581b,train,healthy,field_garden,arabian_jasmine,healthy,field:inat:391620417,0,none,images/train/healthy/2b4cd370f01362c2c164581b.jpg,320,240,80,56a4669db648496929fcac55ed440c8837bfc681cbbf5baa37356bce44649007
2b4cd370f01362c2c164581b__aug01,2b4cd370f01362c2c164581b,train,healthy,field_garden,arabian_jasmine,healthy,field:inat:391620417,1,"{""horizontal_flip"":true,""zoom"":1.079,""rotation_degrees"":-0.092,""brightness"":0.8805,""contrast"":1.0651,""saturation"":1.1139,""blur_radius"":0.0,""noise_sigma"":2.989,""noise_seed"":198900664,""jpeg_quality"":59}",images/train/healthy/2b4cd370f01362c2c164581b__aug01.jpg,320,240,59,77c638377a13ef728b5b9407aeae48cba7078474efdba73f454f871e7ff0cf1d
d9a00736f6e2d96750d7cdaa,d9a00736f6e2d96750d7cdaa,train,healthy,field_garden,areca_palm,healthy,field:inat:402145767,0,none,images/train/healthy/d9a00736f6e2d96750d7cdaa.jpg,320,240,80,601402a81782f9082cfb5409672b8b39262cc1838ac71c54be06c74113366f9a
d9a00736f6e2d96750d7cdaa__aug01,d9a00736f6e2d96750d7cdaa,train,healthy,field_garden,areca_palm,healthy,field:inat:402145767,1,"{""horizontal_flip"":false,""zoom"":1.0808,""rotation_degrees"":0.711,""brightness"":1.0977,""contrast"":1.0237,""saturation"":0.9299,""blur_radius"":0.0,""noise_sigma"":5.357,""noise_seed"":3066147453,""jpeg_quality"":48}",images/train/healthy/d9a00736f6e2d96750d7cdaa__aug01.jpg,320,240,48,2d470ea088165169a614d1413d599f75eb776115b459cdf0489e0dcfa3b1820f
2212516157df5f944f0aa41f,2212516157df5f944f0aa41f,train,healthy,field_garden,bitter_gourd,healthy,field:inat:403644884,0,none,images/train/healthy/2212516157df5f944f0aa41f.jpg,320,240,80,df735d85b933f1940cb4c65e257f09867663c05ec2e873053450bdba6e36aa73
2212516157df5f944f0aa41f__aug01,2212516157df5f944f0aa41f,train,healthy,field_garden,bitter_gourd,healthy,field:inat:403644884,1,"{""horizontal_flip"":true,""zoom"":1.0823,""rotation_degrees"":6.073,""brightness"":1.1238,""contrast"":1.0471,""saturation"":1.1142,""blur_radius"":0.0,""noise_sigma"":5.448,""noise_seed"":1409146187,""jpeg_quality"":62}",images/train/healthy/2212516157df5f944f0aa41f__aug01.jpg,320,240,62,fd1aa4efe96e88e75583049fbf58c4f4cc3ff640a890074f2c9db0e89fee7fa9
5ef53cf5f46caa921444b948,5ef53cf5f46caa921444b948,train,healthy,field_garden,bottle_gourd,healthy,field:inat:402928006,0,none,images/train/healthy/5ef53cf5f46caa921444b948.jpg,320,240,80,c2088f83b90cfa5d55741bea4d3943630cd00f4492e7beb64c6431d8ff2503a1
5ef53cf5f46caa921444b948__aug01,5ef53cf5f46caa921444b948,train,healthy,field_garden,bottle_gourd,healthy,field:inat:402928006,1,"{""horizontal_flip"":true,""zoom"":1.0425,""rotation_degrees"":-5.506,""brightness"":0.8132,""contrast"":1.0873,""saturation"":0.9101,""blur_radius"":0.0,""noise_sigma"":2.436,""noise_seed"":1986694595,""jpeg_quality"":71}",images/train/healthy/5ef53cf5f46caa921444b948__aug01.jpg,320,240,71,9c5f50e5e246d1fb9479c25b24fa99648c5000688edcc88f4f529a1bab1b13f4
75c23bbcba0c40401ed8f534,75c23bbcba0c40401ed8f534,validation,healthy,field_garden,bougainvillea,healthy,field:inat:403471872,0,none,images/validation/healthy/75c23bbcba0c40401ed8f534.jpg,320,240,80,1bf1d422dd5590d6b20bed3c25b9fa8544f6e4dea237f4428ac201e2945db3f7
9ed0d4e590910e19f21f8e9e,9ed0d4e590910e19f21f8e9e,train,healthy,field_garden,butterfly_pea,healthy,field:inat:402953933,0,none,images/train/healthy/9ed0d4e590910e19f21f8e9e.jpg,320,240,80,f2c3e2a7cfbf5cd5b05d3e8c084db9edd12d3b5fcda920526cabefd99eab6b09
9ed0d4e590910e19f21f8e9e__aug01,9ed0d4e590910e19f21f8e9e,train,healthy,field_garden,butterfly_pea,healthy,field:inat:402953933,1,"{""horizontal_flip"":false,""zoom"":1.0039,""rotation_degrees"":-0.692,""brightness"":0.8502,""contrast"":1.1228,""saturation"":0.9581,""blur_radius"":0.0,""noise_sigma"":4.37,""noise_seed"":494000469,""jpeg_quality"":66}",images/train/healthy/9ed0d4e590910e19f21f8e9e__aug01.jpg,320,240,66,5b62d822c8f7759ae21318beb9b2e23b39ad747c6b4c9a77101a323befae2c9b
bfe9012da11e0dd9719a0ce8,bfe9012da11e0dd9719a0ce8,train,healthy,field_garden,chili_pepper,healthy,field:inat:403300220,0,none,images/train/healthy/bfe9012da11e0dd9719a0ce8.jpg,320,240,80,0c89a39b4b89b88ad8c5d3679abf5f757c69d9a8593e09e570df7730180dd4ef
bfe9012da11e0dd9719a0ce8__aug01,bfe9012da11e0dd9719a0ce8,train,healthy,field_garden,chili_pepper,healthy,field:inat:403300220,1,"{""horizontal_flip"":true,""zoom"":1.1141,""rotation_degrees"":4.144,""brightness"":0.9203,""contrast"":0.9279,""saturation"":1.079,""blur_radius"":0.582,""noise_sigma"":3.68,""noise_seed"":1789352902,""jpeg_quality"":54}",images/train/healthy/bfe9012da11e0dd9719a0ce8__aug01.jpg,320,240,54,510cd1226e115ce44d3678ddc278b970538c14dbd5324210dd7faafa309a16b4
39d3bcad9d490c6f4b80e1fa,39d3bcad9d490c6f4b80e1fa,train,healthy,field_garden,chinese_evergreen,healthy,field:inat:399431016,0,none,images/train/healthy/39d3bcad9d490c6f4b80e1fa.jpg,320,240,80,ba1538099ee45273bb175364d28430d706bcdbc76bcd392ba1f3a4013f7ef3da
39d3bcad9d490c6f4b80e1fa__aug01,39d3bcad9d490c6f4b80e1fa,train,healthy,field_garden,chinese_evergreen,healthy,field:inat:399431016,1,"{""horizontal_flip"":false,""zoom"":1.0854,""rotation_degrees"":7.712,""brightness"":1.0445,""contrast"":1.1732,""saturation"":0.9657,""blur_radius"":0.0,""noise_sigma"":3.711,""noise_seed"":2525542218,""jpeg_quality"":68}",images/train/healthy/39d3bcad9d490c6f4b80e1fa__aug01.jpg,320,240,68,21b28ccd45b0dc069a575d1947675b694e98d7b718da6d2785a0e3cbdcc918a0
de0bf0eda99aa5d588880fea,de0bf0eda99aa5d588880fea,train,healthy,field_garden,chrysanthemum,healthy,field:inat:403647581,0,none,images/train/healthy/de0bf0eda99aa5d588880fea.jpg,320,240,80,9a3381813f01c87e5f272bc78426b36a3d2571ecdc34e24b25ecfdae551716e0
de0bf0eda99aa5d588880fea__aug01,de0bf0eda99aa5d588880fea,train,healthy,field_garden,chrysanthemum,healthy,field:inat:403647581,1,"{""horizontal_flip"":true,""zoom"":1.0967,""rotation_degrees"":5.496,""brightness"":0.7846,""contrast"":0.9497,""saturation"":0.949,""blur_radius"":0.0,""noise_sigma"":5.028,""noise_seed"":1336756857,""jpeg_quality"":63}",images/train/healthy/de0bf0eda99aa5d588880fea__aug01.jpg,320,240,63,baeaa7c14cc4d4dd5385ed5c406e3281f5cfebf0800688fbe1caa5a33ad72238
c206aeabcdb235f3eed610fa,c206aeabcdb235f3eed610fa,validation,healthy,field_garden,coleus,healthy,field:inat:399456330,0,none,images/validation/healthy/c206aeabcdb235f3eed610fa.jpg,320,240,80,4d6d98527670ffa506278db207b33f174c3ec58e842cd1a55bdaa2a71a7ba9eb
9ae84eba8bb129ed6b754f54,9ae84eba8bb129ed6b754f54,train,healthy,field_garden,coriander,healthy,field:inat:386835034,0,none,images/train/healthy/9ae84eba8bb129ed6b754f54.jpg,320,240,80,644a2ad6b9300e3004b0016f9633a428443ae4f6172e5014805c3b88b22e7960
9ae84eba8bb129ed6b754f54__aug01,9ae84eba8bb129ed6b754f54,train,healthy,field_garden,coriander,healthy,field:inat:386835034,1,"{""horizontal_flip"":true,""zoom"":1.0681,""rotation_degrees"":3.422,""brightness"":1.1483,""contrast"":1.089,""saturation"":0.8892,""blur_radius"":0.0,""noise_sigma"":2.958,""noise_seed"":3869363823,""jpeg_quality"":54}",images/train/healthy/9ae84eba8bb129ed6b754f54__aug01.jpg,320,240,54,6400f39d728ff80bbe980855acff57c9b627cdeded34cff87308cd1624321e22
16208c7d59e50a6b1f8e2d68,16208c7d59e50a6b1f8e2d68,test,healthy,field_garden,crape_jasmine,healthy,field:inat:402931656,0,none,images/test/healthy/16208c7d59e50a6b1f8e2d68.jpg,320,240,80,b66da890ddb2075092c43520bc30dc4384a0c038c1789612752fde3da1f353b9
58a5edc89aa18caafc6d2b15,58a5edc89aa18caafc6d2b15,train,healthy,field_garden,croton,healthy,field:inat:402406982,0,none,images/train/healthy/58a5edc89aa18caafc6d2b15.jpg,320,240,80,a3711bae2543121293e71366b9396b4f85eee753d4d2068078b22335e12f7c7c
58a5edc89aa18caafc6d2b15__aug01,58a5edc89aa18caafc6d2b15,train,healthy,field_garden,croton,healthy,field:inat:402406982,1,"{""horizontal_flip"":false,""zoom"":1.0455,""rotation_degrees"":-5.299,""brightness"":1.0647,""contrast"":0.8735,""saturation"":1.1466,""blur_radius"":0.442,""noise_sigma"":5.19,""noise_seed"":3410517776,""jpeg_quality"":72}",images/train/healthy/58a5edc89aa18caafc6d2b15__aug01.jpg,320,240,72,550c61c7db69078c6a231e600b02c300054432ddaeeb23270ed697a716807791
0ff9cb61387bacce5e590964,0ff9cb61387bacce5e590964,validation,healthy,field_garden,crown_of_thorns,healthy,field:inat:400241729,0,none,images/validation/healthy/0ff9cb61387bacce5e590964.jpg,320,240,80,66862e36411b890a55006d06e65b665c2385f0b28f6a917181dce28ac5d18e8c
75090290e550ebb7d1f5b01c,75090290e550ebb7d1f5b01c,train,healthy,field_garden,cucumber,healthy,field:inat:399702750,0,none,images/train/healthy/75090290e550ebb7d1f5b01c.jpg,320,240,80,3c53f9daa35cd3a9ba58d4fd55589a40b54ac3b2ba7134cb0eb75e728c3f82ee
75090290e550ebb7d1f5b01c__aug01,75090290e550ebb7d1f5b01c,train,healthy,field_garden,cucumber,healthy,field:inat:399702750,1,"{""horizontal_flip"":false,""zoom"":1.0859,""rotation_degrees"":-5.387,""brightness"":0.9547,""contrast"":0.8423,""saturation"":0.9801,""blur_radius"":0.724,""noise_sigma"":4.432,""noise_seed"":1578872584,""jpeg_quality"":51}",images/train/healthy/75090290e550ebb7d1f5b01c__aug01.jpg,320,240,51,08be0cb0f5b8124733d4e4a39913ba4f18bed5c2cda25ce6ffef5f547f4176a0
9a14cf80ff67460c325703ef,9a14cf80ff67460c325703ef,train,healthy,field_garden,eggplant,healthy,field:inat:402363398,0,none,images/train/healthy/9a14cf80ff67460c325703ef.jpg,320,240,80,d75bb5ff1ca0aac33622d2821d35920a6b1fae77c141e9eb5d98537da266c7f0
9a14cf80ff67460c325703ef__aug01,9a14cf80ff67460c325703ef,train,healthy,field_garden,eggplant,healthy,field:inat:402363398,1,"{""horizontal_flip"":true,""zoom"":1.0147,""rotation_degrees"":6.985,""brightness"":1.1612,""contrast"":0.9576,""saturation"":0.9148,""blur_radius"":0.0,""noise_sigma"":3.782,""noise_seed"":1192864291,""jpeg_quality"":56}",images/train/healthy/9a14cf80ff67460c325703ef__aug01.jpg,320,240,56,638563df05aad8d44f76d0dc024d70eb4ca0c7853b372548d39d2c538ff6a31a
903e63720b9a0bb479485bec,903e63720b9a0bb479485bec,train,healthy,field_garden,gardenia,healthy,field:inat:402697954,0,none,images/train/healthy/903e63720b9a0bb479485bec.jpg,320,240,80,f85069b81ab1367fef3c1ed20f53f989ce91578ec3d50e1932613645fca974a2
903e63720b9a0bb479485bec__aug01,903e63720b9a0bb479485bec,train,healthy,field_garden,gardenia,healthy,field:inat:402697954,1,"{""horizontal_flip"":false,""zoom"":1.0786,""rotation_degrees"":2.823,""brightness"":0.999,""contrast"":1.0712,""saturation"":1.0477,""blur_radius"":0.609,""noise_sigma"":2.215,""noise_seed"":2430608191,""jpeg_quality"":65}",images/train/healthy/903e63720b9a0bb479485bec__aug01.jpg,320,240,65,39034b532c2dce70b21d97bd4d7d345ca680d03107d11585d1f09ec1d7af436c
cbab2ef207d5766af0e2fccb,cbab2ef207d5766af0e2fccb,train,healthy,field_garden,ginger,healthy,field:inat:358992548,0,none,images/train/healthy/cbab2ef207d5766af0e2fccb.jpg,320,240,80,14b19ac8451b528f1408d72793fad8782ca7e2505171f68be2bd15a632cda46f
cbab2ef207d5766af0e2fccb__aug01,cbab2ef207d5766af0e2fccb,train,healthy,field_garden,ginger,healthy,field:inat:358992548,1,"{""horizontal_flip"":false,""zoom"":1.0853,""rotation_degrees"":7.587,""brightness"":0.896,""contrast"":0.978,""saturation"":0.835,""blur_radius"":0.254,""noise_sigma"":2.35,""noise_seed"":3978327102,""jpeg_quality"":48}",images/train/healthy/cbab2ef207d5766af0e2fccb__aug01.jpg,320,240,48,f5d646f4fe3a95a83a988d922cc443c30b9e26fd462733bf8eaf8a17a5a5dd19
efdeaa8970f189d9338f0630,efdeaa8970f189d9338f0630,test,healthy,field_garden,golden_barrel_cactus,healthy,field:inat:337301706,0,none,images/test/healthy/efdeaa8970f189d9338f0630.jpg,320,240,80,63368ce633d0ce70b1b3264393bd78e7f4c7ce4c23fe3c7e0f8b3f3bc3cb2a18
9efe087afe70d5636670c2f5,9efe087afe70d5636670c2f5,validation,healthy,field_garden,guava,healthy,field:inat:402121300,0,none,images/validation/healthy/9efe087afe70d5636670c2f5.jpg,320,240,80,1f58aa4722497a30fdaab3d78d65cf7f3fd65da176c4ee3ee0c921b92e13271e
44bcff625b3cdd7dc0c159dc,44bcff625b3cdd7dc0c159dc,validation,healthy,field_garden,hibiscus,healthy,field:inat:402906687,0,none,images/validation/healthy/44bcff625b3cdd7dc0c159dc.jpg,320,240,80,6283bd4cbd1807deaea778fd9e9a98a420026d86a9840c4f60cdd165cc0035d4
e09a88dd7be782a825f56417,e09a88dd7be782a825f56417,train,healthy,field_garden,holy_basil_tulsi,healthy,field:inat:402940152,0,none,images/train/healthy/e09a88dd7be782a825f56417.jpg,320,240,80,baf82b85a6db965863b1424e010c2ae425799c8f64db065502c59a6276d3f4b3
e09a88dd7be782a825f56417__aug01,e09a88dd7be782a825f56417,train,healthy,field_garden,holy_basil_tulsi,healthy,field:inat:402940152,1,"{""horizontal_flip"":true,""zoom"":1.0383,""rotation_degrees"":4.224,""brightness"":1.0041,""contrast"":1.0679,""saturation"":1.1637,""blur_radius"":0.0,""noise_sigma"":2.113,""noise_seed"":2007163479,""jpeg_quality"":65}",images/train/healthy/e09a88dd7be782a825f56417__aug01.jpg,320,240,65,df3634c286ebef2d8cd75f44812096779a20d13fd13ce87e3f1e34a051e48473
f5273e82fede133c7cd8705c,f5273e82fede133c7cd8705c,train,healthy,field_garden,hyacinth_bean,healthy,field:inat:394922337,0,none,images/train/healthy/f5273e82fede133c7cd8705c.jpg,320,240,80,67ad19f444b95d05eeeb82add76e90a4a097a91f4b54b0b4018b7d9eb6e717ce
f5273e82fede133c7cd8705c__aug01,f5273e82fede133c7cd8705c,train,healthy,field_garden,hyacinth_bean,healthy,field:inat:394922337,1,"{""horizontal_flip"":false,""zoom"":1.0381,""rotation_degrees"":1.698,""brightness"":1.0175,""contrast"":1.1045,""saturation"":0.9161,""blur_radius"":0.0,""noise_sigma"":4.986,""noise_seed"":1783540166,""jpeg_quality"":59}",images/train/healthy/f5273e82fede133c7cd8705c__aug01.jpg,320,240,59,68f1dcbf97107d10a40ec0ca00d7a9e30c827c273b8dd5e08ba1c933b01449a6
fe67c86387b1deed70ae0dfc,fe67c86387b1deed70ae0dfc,train,healthy,field_garden,indian_borage,healthy,field:inat:399177865,0,none,images/train/healthy/fe67c86387b1deed70ae0dfc.jpg,320,240,80,d4f3263de1d58733bd642c04f7b55f3b09a062ae101b8203273cbad4a0f78caf
fe67c86387b1deed70ae0dfc__aug01,fe67c86387b1deed70ae0dfc,train,healthy,field_garden,indian_borage,healthy,field:inat:399177865,1,"{""horizontal_flip"":true,""zoom"":1.1184,""rotation_degrees"":-5.787,""brightness"":0.9995,""contrast"":0.9175,""saturation"":0.8141,""blur_radius"":0.571,""noise_sigma"":4.405,""noise_seed"":4168026344,""jpeg_quality"":50}",images/train/healthy/fe67c86387b1deed70ae0dfc__aug01.jpg,320,240,50,5a04257546995015dd2a1bc99e333aea0e6f0e3eccc27fa2728ff4376565fcb7
894a1b824acf266c0a9cf685,894a1b824acf266c0a9cf685,test,healthy,field_garden,ixora,healthy,field:inat:402519614,0,none,images/test/healthy/894a1b824acf266c0a9cf685.jpg,320,240,80,c2be2accc8ea4bfce8755ff9c82421b643d6cae636e9668cc033f169b552357f
353c1ad2e347b3635b186124,353c1ad2e347b3635b186124,train,healthy,field_garden,lemon_lime,healthy,field:inat:403653222,0,none,images/train/healthy/353c1ad2e347b3635b186124.jpg,320,240,80,67c5c816e9f1b8928dbe78f2f1cd87718ca7d34510162c07c57b88c15aad71ab
353c1ad2e347b3635b186124__aug01,353c1ad2e347b3635b186124,train,healthy,field_garden,lemon_lime,healthy,field:inat:403653222,1,"{""horizontal_flip"":false,""zoom"":1.0526,""rotation_degrees"":3.445,""brightness"":0.8995,""contrast"":1.0631,""saturation"":0.8799,""blur_radius"":0.0,""noise_sigma"":2.098,""noise_seed"":2388022981,""jpeg_quality"":70}",images/train/healthy/353c1ad2e347b3635b186124__aug01.jpg,320,240,70,141859b33e854fa0afec0a815730ee7227e47979ec28938bd122c24a31fa1102
e8cd24eb417eb3e6bced911c,e8cd24eb417eb3e6bced911c,test,healthy,field_garden,malabar_spinach,healthy,field:inat:394880422,0,none,images/test/healthy/e8cd24eb417eb3e6bced911c.jpg,320,240,80,1847ff6798dde2f29b1878fff83bdac8f30ea47db4196d914fa8d3e12c7829c7
80ee904ffe5112ed62a8ffa7,80ee904ffe5112ed62a8ffa7,train,healthy,field_garden,mint,healthy,field:inat:403546712,0,none,images/train/healthy/80ee904ffe5112ed62a8ffa7.jpg,320,240,80,b4587c2caf63aa32a650c87766d52ce831ad1af1612fa7d4999218ec0a6bf747
80ee904ffe5112ed62a8ffa7__aug01,80ee904ffe5112ed62a8ffa7,train,healthy,field_garden,mint,healthy,field:inat:403546712,1,"{""horizontal_flip"":true,""zoom"":1.1085,""rotation_degrees"":-0.735,""brightness"":0.9132,""contrast"":1.0443,""saturation"":1.162,""blur_radius"":0.0,""noise_sigma"":2.976,""noise_seed"":3403286233,""jpeg_quality"":67}",images/train/healthy/80ee904ffe5112ed62a8ffa7__aug01.jpg,320,240,67,7fa7c91cefaf2b2e827371d21d1ce39919c02a8d2477760ec1b39b67be0fabb3
9d6a1c6e417a2d6815833b2c,9d6a1c6e417a2d6815833b2c,test,healthy,field_garden,moss_rose,healthy,field:inat:402157168,0,none,images/test/healthy/9d6a1c6e417a2d6815833b2c.jpg,320,240,80,b703484a9cc99ce2243e541b6b3a9592fced0d032ce4822e1bec4b583c6b1f01
78d25913ae997e7f72f551b8,78d25913ae997e7f72f551b8,test,healthy,field_garden,night_flowering_jasmine,healthy,field:inat:400617845,0,none,images/test/healthy/78d25913ae997e7f72f551b8.jpg,320,240,80,680ce48c82829a2d9ef8f08e9bd51ca0d0806e9125b365010343da948e99e275
557417ee460c033cf26839c7,557417ee460c033cf26839c7,test,healthy,field_garden,okra,healthy,field:inat:401872959,0,none,images/test/healthy/557417ee460c033cf26839c7.jpg,320,240,80,dae35eac80a00973d6e9f03c59f12e4c7020cc4d5b117b369069972635bfe20f
6246439428ce21ac370a777e,6246439428ce21ac370a777e,train,healthy,field_garden,papaya,healthy,field:inat:402945870,0,none,images/train/healthy/6246439428ce21ac370a777e.jpg,320,240,80,ed63be810da4f44148de2f562702a6fbd5b1918437f44e222015466550626acc
6246439428ce21ac370a777e__aug01,6246439428ce21ac370a777e,train,healthy,field_garden,papaya,healthy,field:inat:402945870,1,"{""horizontal_flip"":false,""zoom"":1.0765,""rotation_degrees"":-3.463,""brightness"":0.8552,""contrast"":0.9929,""saturation"":0.8637,""blur_radius"":0.0,""noise_sigma"":4.508,""noise_seed"":3280346742,""jpeg_quality"":59}",images/train/healthy/6246439428ce21ac370a777e__aug01.jpg,320,240,59,1c1e54f70f18c855b98f1c1153d1bd7180a2b659ed2b52ebe45204eea4e9749d
3b5c70ec274505dd2d4c1ce3,3b5c70ec274505dd2d4c1ce3,train,healthy,field_garden,periwinkle,healthy,field:inat:403643446,0,none,images/train/healthy/3b5c70ec274505dd2d4c1ce3.jpg,320,240,80,9a0cbf8c358771289c9eec18e9d23d41d52f3dfb8c4ece5683d716a8193357a1
3b5c70ec274505dd2d4c1ce3__aug01,3b5c70ec274505dd2d4c1ce3,train,healthy,field_garden,periwinkle,healthy,field:inat:403643446,1,"{""horizontal_flip"":false,""zoom"":1.0477,""rotation_degrees"":-3.01,""brightness"":0.812,""contrast"":1.099,""saturation"":0.9529,""blur_radius"":0.664,""noise_sigma"":4.6,""noise_seed"":585906867,""jpeg_quality"":66}",images/train/healthy/3b5c70ec274505dd2d4c1ce3__aug01.jpg,320,240,66,5bc7f75bb3e7102c7309b0899864d1dc193d2a2c8feb67198fd28edbfde587aa
e5777b4247f3bcaa68022811,e5777b4247f3bcaa68022811,train,healthy,field_garden,pointed_gourd,healthy,field:inat:235834297,0,none,images/train/healthy/e5777b4247f3bcaa68022811.jpg,320,240,80,47d4b9ab67605d8a95abe36a8c1d5e8a417ed9d361f29ae03fa97af705d6264d
e5777b4247f3bcaa68022811__aug01,e5777b4247f3bcaa68022811,train,healthy,field_garden,pointed_gourd,healthy,field:inat:235834297,1,"{""horizontal_flip"":true,""zoom"":1.0496,""rotation_degrees"":-3.782,""brightness"":1.1517,""contrast"":0.9169,""saturation"":0.8712,""blur_radius"":0.724,""noise_sigma"":3.025,""noise_seed"":1884302667,""jpeg_quality"":56}",images/train/healthy/e5777b4247f3bcaa68022811__aug01.jpg,320,240,56,6ee5ad8145c6edc7f686ca19ecd4be2041e0d761640001dec36005563f95f23a
64af5d8f11b5da7bbc86c969,64af5d8f11b5da7bbc86c969,validation,healthy,field_garden,pomegranate,healthy,field:inat:403319085,0,none,images/validation/healthy/64af5d8f11b5da7bbc86c969.jpg,320,240,80,cb3f43c9f16c6119eec603317b7463fea26dc382780bf5b5f31b1da2e8081147
fe6e77afa360ebc27be5d43b,fe6e77afa360ebc27be5d43b,train,healthy,field_garden,pothos_money_plant,healthy,field:inat:402481679,0,none,images/train/healthy/fe6e77afa360ebc27be5d43b.jpg,320,240,80,306b3d39316ed9b10ba7cba206fd60e6e56c76992b19ca03a8c434db91b5184e
fe6e77afa360ebc27be5d43b__aug01,fe6e77afa360ebc27be5d43b,train,healthy,field_garden,pothos_money_plant,healthy,field:inat:402481679,1,"{""horizontal_flip"":false,""zoom"":1.0356,""rotation_degrees"":3.987,""brightness"":1.1465,""contrast"":1.116,""saturation"":1.0938,""blur_radius"":0.605,""noise_sigma"":5.046,""noise_seed"":1497024227,""jpeg_quality"":66}",images/train/healthy/fe6e77afa360ebc27be5d43b__aug01.jpg,320,240,66,d8e97184fe10689135e867d2b0d7ddb7eadabdc7da530dae39553b00ae2f0386
67687217d92c383ce554bf48,67687217d92c383ce554bf48,test,healthy,field_garden,prickly_pear_cactus,healthy,field:inat:403638688,0,none,images/test/healthy/67687217d92c383ce554bf48.jpg,320,240,80,ccf21f273d5104bb1d91e853f2bb46dd6f6db596a3a746cf7df293d74a7ccf0c
5aac76fe4a1deebffb9d5970,5aac76fe4a1deebffb9d5970,train,healthy,field_garden,pumpkin,healthy,field:inat:400445669,0,none,images/train/healthy/5aac76fe4a1deebffb9d5970.jpg,320,240,80,b54a9b4f7b3243d6c601653c0ad6308b79c2591961c7a02757358392e35dc2a7
5aac76fe4a1deebffb9d5970__aug01,5aac76fe4a1deebffb9d5970,train,healthy,field_garden,pumpkin,healthy,field:inat:400445669,1,"{""horizontal_flip"":true,""zoom"":1.0392,""rotation_degrees"":-2.809,""brightness"":1.1033,""contrast"":1.1372,""saturation"":1.0811,""blur_radius"":0.0,""noise_sigma"":5.826,""noise_seed"":2250903727,""jpeg_quality"":67}",images/train/healthy/5aac76fe4a1deebffb9d5970__aug01.jpg,320,240,67,cc21c0ac2750f4624c4a5f72795a7d7df7872e53fd28032d05fc3fbffafd0221
d3658254125453c61d7cbb64,d3658254125453c61d7cbb64,train,healthy,field_garden,red_amaranth,healthy,field:inat:402651119,0,none,images/train/healthy/d3658254125453c61d7cbb64.jpg,320,240,80,7687269d0d415124cc33fec21bec34410f219faacb0faae1ea41f2cff14f8517
d3658254125453c61d7cbb64__aug01,d3658254125453c61d7cbb64,train,healthy,field_garden,red_amaranth,healthy,field:inat:402651119,1,"{""horizontal_flip"":true,""zoom"":1.011,""rotation_degrees"":-2.401,""brightness"":1.0179,""contrast"":0.842,""saturation"":0.8679,""blur_radius"":0.0,""noise_sigma"":3.758,""noise_seed"":1623439097,""jpeg_quality"":50}",images/train/healthy/d3658254125453c61d7cbb64__aug01.jpg,320,240,50,666b737c191defd96f118c19c6a1f43d185b0dd0082081dba49c52f99fe82170
86a1a9fb47344924aba5ebf9,86a1a9fb47344924aba5ebf9,train,healthy,field_garden,ridge_gourd,healthy,field:inat:377991406,0,none,images/train/healthy/86a1a9fb47344924aba5ebf9.jpg,320,240,80,3a880d9c57f7aae832207ce5bccd34a66666ca42f268c30538ceb9efee89acff
86a1a9fb47344924aba5ebf9__aug01,86a1a9fb47344924aba5ebf9,train,healthy,field_garden,ridge_gourd,healthy,field:inat:377991406,1,"{""horizontal_flip"":true,""zoom"":1.0813,""rotation_degrees"":-6.479,""brightness"":1.1041,""contrast"":0.9306,""saturation"":1.126,""blur_radius"":0.553,""noise_sigma"":3.103,""noise_seed"":1309649617,""jpeg_quality"":71}",images/train/healthy/86a1a9fb47344924aba5ebf9__aug01.jpg,320,240,71,93e4b8cfea03aca721c01b7d03bbab6fe1bd8cb15ab06de04cc77029aebb5843
1b909d5681735ba5bb355261,1b909d5681735ba5bb355261,train,healthy,field_garden,rubber_plant,healthy,field:inat:403476479,0,none,images/train/healthy/1b909d5681735ba5bb355261.jpg,320,240,80,6ae0867d4303a1ea700dd10bfd060f31e48f251e656dea23ce0ca45f1c038fdb
1b909d5681735ba5bb355261__aug01,1b909d5681735ba5bb355261,train,healthy,field_garden,rubber_plant,healthy,field:inat:403476479,1,"{""horizontal_flip"":true,""zoom"":1.0679,""rotation_degrees"":-6.322,""brightness"":0.8957,""contrast"":1.0216,""saturation"":1.1661,""blur_radius"":0.0,""noise_sigma"":4.57,""noise_seed"":2182743432,""jpeg_quality"":68}",images/train/healthy/1b909d5681735ba5bb355261__aug01.jpg,320,240,68,4da3417bb6caee275933492b9644f7d1b3c5cd6ff9a85ad878074d593ddcdce6
d55e649332be1be69c537a56,d55e649332be1be69c537a56,train,healthy,field_garden,snake_gourd,healthy,field:inat:402199325,0,none,images/train/healthy/d55e649332be1be69c537a56.jpg,320,240,80,2dd622dc2665d33e37a46c63d4101e8b3455dd0a4988f5f014b2b4be275eb75a
d55e649332be1be69c537a56__aug01,d55e649332be1be69c537a56,train,healthy,field_garden,snake_gourd,healthy,field:inat:402199325,1,"{""horizontal_flip"":true,""zoom"":1.0179,""rotation_degrees"":-7.852,""brightness"":1.0177,""contrast"":0.9401,""saturation"":0.9566,""blur_radius"":0.0,""noise_sigma"":5.015,""noise_seed"":2945375826,""jpeg_quality"":53}",images/train/healthy/d55e649332be1be69c537a56__aug01.jpg,320,240,53,b3788511a49661e3072be205374f75cc7c1130ca6ebe0629fc681e6ac9a60840
1c459f584da8e5f777ea4916,1c459f584da8e5f777ea4916,validation,healthy,field_garden,snake_plant,healthy,field:inat:401752801,0,none,images/validation/healthy/1c459f584da8e5f777ea4916.jpg,320,240,80,697d1e5325502484d1de9a971dcf094447b61cfdcad4491ba0f541502894452a
6e0d2d18321c3a788005a705,6e0d2d18321c3a788005a705,validation,healthy,field_garden,sponge_gourd,healthy,field:inat:401859090,0,none,images/validation/healthy/6e0d2d18321c3a788005a705.jpg,320,240,80,d9e56e04376457c8714eba830d4b539c36901c2e9d1bf6ac8b5cff8add99bda2
bd86c210c16b20edb6526c18,bd86c210c16b20edb6526c18,train,healthy,field_garden,stem_amaranth,healthy,field:inat:403350794,0,none,images/train/healthy/bd86c210c16b20edb6526c18.jpg,320,240,80,a5cb9542d167c3c6ec646d9eb04ae9efe379ce84399edfd1df8878885cc740e9
bd86c210c16b20edb6526c18__aug01,bd86c210c16b20edb6526c18,train,healthy,field_garden,stem_amaranth,healthy,field:inat:403350794,1,"{""horizontal_flip"":true,""zoom"":1.0591,""rotation_degrees"":-1.012,""brightness"":0.8493,""contrast"":0.8602,""saturation"":0.7903,""blur_radius"":0.32,""noise_sigma"":3.528,""noise_seed"":3518685191,""jpeg_quality"":55}",images/train/healthy/bd86c210c16b20edb6526c18__aug01.jpg,320,240,55,e96263a67c546611138ae973d0e43f00eb48d243116bae829e3f55a53c247e35
fd1570d99a4490fe8bdb64bd,fd1570d99a4490fe8bdb64bd,test,healthy,field_garden,sunflower,healthy,field:inat:403602490,0,none,images/test/healthy/fd1570d99a4490fe8bdb64bd.jpg,320,240,80,945c9482548784e67df5c8c8b69c51fc32b803a2ee2060d28ee9d8beb537d3d4
d1f5bcd05235b0d3b3c869f0,d1f5bcd05235b0d3b3c869f0,validation,healthy,field_garden,tomato,healthy,field:inat:403626091,0,none,images/validation/healthy/d1f5bcd05235b0d3b3c869f0.jpg,320,240,80,667fbdd6e2bcca4d2606ed717c6c6307813b99b25aa09ff6c97fa34b4e9a9dd4
aa75b4ea161bbac74aeae4e7,aa75b4ea161bbac74aeae4e7,train,healthy,field_garden,turmeric,healthy,field:inat:401474625,0,none,images/train/healthy/aa75b4ea161bbac74aeae4e7.jpg,320,240,80,dd1c7e22cc569ffc94b8e9ddc7d5f49ebd683d30282a304632121c553bd46d72
aa75b4ea161bbac74aeae4e7__aug01,aa75b4ea161bbac74aeae4e7,train,healthy,field_garden,turmeric,healthy,field:inat:401474625,1,"{""horizontal_flip"":true,""zoom"":1.0782,""rotation_degrees"":6.567,""brightness"":1.1006,""contrast"":0.8452,""saturation"":1.174,""blur_radius"":0.0,""noise_sigma"":2.026,""noise_seed"":2663701057,""jpeg_quality"":59}",images/train/healthy/aa75b4ea161bbac74aeae4e7__aug01.jpg,320,240,59,6a7f1c18e57c3f8f741a64741b5ff9ae67f7ed3f2edda4c3d6c41c968de65c2d
2b427cce70bb021d8e62a73a,2b427cce70bb021d8e62a73a,test,healthy,field_garden,water_spinach,healthy,field:inat:403206702,0,none,images/test/healthy/2b427cce70bb021d8e62a73a.jpg,320,240,80,24fb77e41354b6f28c8c4b7915a1c1b9f6ad5fefbb299bd2efae7a4dc16e77e8
06761ef5d4c60bc52647b2bd,06761ef5d4c60bc52647b2bd,train,healthy,field_garden,aloe_vera,healthy,field:inat:401772456,0,none,images/train/healthy/06761ef5d4c60bc52647b2bd.jpg,320,240,80,dbd44db7d57feb63ce1579505f432ed743edd8fd2b67db3bfdf39625fcc6d92e
06761ef5d4c60bc52647b2bd__aug01,06761ef5d4c60bc52647b2bd,train,healthy,field_garden,aloe_vera,healthy,field:inat:401772456,1,"{""horizontal_flip"":true,""zoom"":1.1133,""rotation_degrees"":-5.495,""brightness"":0.8229,""contrast"":0.9558,""saturation"":1.0563,""blur_radius"":0.0,""noise_sigma"":2.167,""noise_seed"":2049111013,""jpeg_quality"":71}",images/train/healthy/06761ef5d4c60bc52647b2bd__aug01.jpg,320,240,71,e27370272da79a6838c15a48a7bd29bd9c426c67a3cd774374d30f5645f87938
5a2617bc3a1bd7f46b3064bf,5a2617bc3a1bd7f46b3064bf,validation,healthy,field_garden,arabian_jasmine,healthy,field:inat:388433870,0,none,images/validation/healthy/5a2617bc3a1bd7f46b3064bf.jpg,320,240,80,4928b5fe9f51417a8ddabc3743b036792a4b86c76ff7b20116a6b90827a1bc76
05183937baef66ce63a63d56,05183937baef66ce63a63d56,train,healthy,field_garden,areca_palm,healthy,field:inat:402536351,0,none,images/train/healthy/05183937baef66ce63a63d56.jpg,320,240,80,42143097629d22150e67bb2858fd2740d48cd56e35ae5aa525c983338e1505e9
05183937baef66ce63a63d56__aug01,05183937baef66ce63a63d56,train,healthy,field_garden,areca_palm,healthy,field:inat:402536351,1,"{""horizontal_flip"":false,""zoom"":1.0393,""rotation_degrees"":-4.387,""brightness"":0.8853,""contrast"":0.965,""saturation"":1.0304,""blur_radius"":0.554,""noise_sigma"":2.311,""noise_seed"":1926986816,""jpeg_quality"":67}",images/train/healthy/05183937baef66ce63a63d56__aug01.jpg,320,240,67,26295cc5613751272d492d939ce234950c2139232dd352d88e83235c55a86982
3b2df45adc7218b0840c6378,3b2df45adc7218b0840c6378,train,healthy,field_garden,bitter_gourd,healthy,field:inat:403353226,0,none,images/train/healthy/3b2df45adc7218b0840c6378.jpg,320,240,80,3a468a999b310d6c2d98bf00b225d781e4b7c3da3ad22113d5a577c800e276c6
3b2df45adc7218b0840c6378__aug01,3b2df45adc7218b0840c6378,train,healthy,field_garden,bitter_gourd,healthy,field:inat:403353226,1,"{""horizontal_flip"":false,""zoom"":1.0494,""rotation_degrees"":1.589,""brightness"":1.0516,""contrast"":1.1575,""saturation"":1.1475,""blur_radius"":0.0,""noise_sigma"":5.932,""noise_seed"":2280103344,""jpeg_quality"":66}",images/train/healthy/3b2df45adc7218b0840c6378__aug01.jpg,320,240,66,b09cd2cdd56ee790febc16697983262f2d2c34b48438a672270c0d7e340acda0
807cbee025ea8494255045a3,807cbee025ea8494255045a3,test,healthy,field_garden,bottle_gourd,healthy,field:inat:399931250,0,none,images/test/healthy/807cbee025ea8494255045a3.jpg,320,240,80,40a76d7e6cbde0d843b43a27b436097ad0fb8792b57e8ea0bf4a94841cfe16b6
1a7ab99bec156a6f6c01421f,1a7ab99bec156a6f6c01421f,train,healthy,field_garden,bougainvillea,healthy,field:inat:403471871,0,none,images/train/healthy/1a7ab99bec156a6f6c01421f.jpg,320,240,80,eb1d8c4e10517594571ee9dd0c998b5f7f60ca2dc983b7273491ea9619b3ca9f
1a7ab99bec156a6f6c01421f__aug01,1a7ab99bec156a6f6c01421f,train,healthy,field_garden,bougainvillea,healthy,field:inat:403471871,1,"{""horizontal_flip"":true,""zoom"":1.0231,""rotation_degrees"":-3.301,""brightness"":0.8223,""contrast"":1.0649,""saturation"":1.0756,""blur_radius"":0.0,""noise_sigma"":4.421,""noise_seed"":3383302464,""jpeg_quality"":49}",images/train/healthy/1a7ab99bec156a6f6c01421f__aug01.jpg,320,240,49,71c9ec30be66c26c2222cb6e1d15785a6552e6ab19f6077c4b3c37f2788e2b35
eab83d3271e2f1689f89ac12,eab83d3271e2f1689f89ac12,test,healthy,field_garden,butterfly_pea,healthy,field:inat:402989681,0,none,images/test/healthy/eab83d3271e2f1689f89ac12.jpg,320,240,80,a5495bf902fc7ade13b34a199450af1e24f2a1ee0e6d665488891893f8bfc2df
006492fd268108e7cef0a2f8,006492fd268108e7cef0a2f8,train,healthy,field_garden,chili_pepper,healthy,field:inat:401611500,0,none,images/train/healthy/006492fd268108e7cef0a2f8.jpg,320,240,80,d7d67c537cce8720ef9043c5e131c9a4a47c5865d4c8c096366904552212e6a7
006492fd268108e7cef0a2f8__aug01,006492fd268108e7cef0a2f8,train,healthy,field_garden,chili_pepper,healthy,field:inat:401611500,1,"{""horizontal_flip"":false,""zoom"":1.0306,""rotation_degrees"":7.103,""brightness"":1.0353,""contrast"":1.0878,""saturation"":1.1239,""blur_radius"":0.0,""noise_sigma"":4.612,""noise_seed"":549328798,""jpeg_quality"":49}",images/train/healthy/006492fd268108e7cef0a2f8__aug01.jpg,320,240,49,a11c04f4d4edbfca164ad7521acfb12e7219e9376a19f5702df34d5f9279bb49
6ae9b5eabf954f90e299d6cc,6ae9b5eabf954f90e299d6cc,train,healthy,field_garden,chinese_evergreen,healthy,field:inat:398097262,0,none,images/train/healthy/6ae9b5eabf954f90e299d6cc.jpg,320,240,80,f07ce8e508d8d88b46f2d736caf0288d448b47076f610c63ce233ac4161bbfe7
6ae9b5eabf954f90e299d6cc__aug01,6ae9b5eabf954f90e299d6cc,train,healthy,field_garden,chinese_evergreen,healthy,field:inat:398097262,1,"{""horizontal_flip"":true,""zoom"":1.0522,""rotation_degrees"":3.167,""brightness"":0.8066,""contrast"":0.8259,""saturation"":1.0362,""blur_radius"":0.0,""noise_sigma"":4.973,""noise_seed"":3015706812,""jpeg_quality"":52}",images/train/healthy/6ae9b5eabf954f90e299d6cc__aug01.jpg,320,240,52,65c76d7976736f69fbbbad79ed1f5d7fc3dd35ff6a935aaa24a43f3470b66f3a
66e3c19dab6928c6cbc82ade,66e3c19dab6928c6cbc82ade,validation,healthy,field_garden,chrysanthemum,healthy,field:inat:403617537,0,none,images/validation/healthy/66e3c19dab6928c6cbc82ade.jpg,320,240,80,032d74d328a09888a2f35350864849ad1ca6ba9266b47a661d19f32659326077
98f2d7133a3046eca9e35077,98f2d7133a3046eca9e35077,train,healthy,field_garden,coleus,healthy,field:inat:399301619,0,none,images/train/healthy/98f2d7133a3046eca9e35077.jpg,320,240,80,7edb02f5fac84d162c819e38063fb329799dd06828ac230d86a2c174a72ae489
98f2d7133a3046eca9e35077__aug01,98f2d7133a3046eca9e35077,train,healthy,field_garden,coleus,healthy,field:inat:399301619,1,"{""horizontal_flip"":false,""zoom"":1.0498,""rotation_degrees"":-5.342,""brightness"":0.8335,""contrast"":0.8612,""saturation"":1.0757,""blur_radius"":0.0,""noise_sigma"":4.382,""noise_seed"":1152656056,""jpeg_quality"":68}",images/train/healthy/98f2d7133a3046eca9e35077__aug01.jpg,320,240,68,04136b1212cd2c2d15725a1833e993fd574b80aea1b95fe9bff6cfd953fec2c3
716fb6a81d31c87d5083155f,716fb6a81d31c87d5083155f,train,healthy,field_garden,coriander,healthy,field:inat:401369272,0,none,images/train/healthy/716fb6a81d31c87d5083155f.jpg,320,240,80,7d355ce02914fe739c878d4065f6fa4ff38ea6804f69738e715307e0d11201f4
716fb6a81d31c87d5083155f__aug01,716fb6a81d31c87d5083155f,train,healthy,field_garden,coriander,healthy,field:inat:401369272,1,"{""horizontal_flip"":false,""zoom"":1.1188,""rotation_degrees"":6.404,""brightness"":0.8617,""contrast"":0.9467,""saturation"":1.0037,""blur_radius"":0.0,""noise_sigma"":4.143,""noise_seed"":6710391,""jpeg_quality"":49}",images/train/healthy/716fb6a81d31c87d5083155f__aug01.jpg,320,240,49,1eb0c98b73e12a1f2efad51d2b04a2452ff5d2d77a29f3ceb85673b2a5092750
519fb23bb202fcaa32a040b0,519fb23bb202fcaa32a040b0,validation,healthy,field_garden,crape_jasmine,healthy,field:inat:403186238,0,none,images/validation/healthy/519fb23bb202fcaa32a040b0.jpg,320,240,80,8a1f07d7a57762471094f5cc27605152e462813f3e0a28eb46d714f2f50d2c1a
f03722897b27018a14087d0b,f03722897b27018a14087d0b,train,healthy,field_garden,croton,healthy,field:inat:402655396,0,none,images/train/healthy/f03722897b27018a14087d0b.jpg,320,240,80,abb393b035512a3d7d9260a905ab870f50a2b2e3e94aecd9a00ad8fe9d323b66
f03722897b27018a14087d0b__aug01,f03722897b27018a14087d0b,train,healthy,field_garden,croton,healthy,field:inat:402655396,1,"{""horizontal_flip"":true,""zoom"":1.0354,""rotation_degrees"":-7.704,""brightness"":0.8115,""contrast"":1.1667,""saturation"":1.0198,""blur_radius"":0.0,""noise_sigma"":4.564,""noise_seed"":75232606,""jpeg_quality"":50}",images/train/healthy/f03722897b27018a14087d0b__aug01.jpg,320,240,50,0cb38cb06386db1b07e8ec8507fa51848934725220955dc62ec4be26dcb4438b
6be70553d84e797346842c1c,6be70553d84e797346842c1c,train,healthy,field_garden,crown_of_thorns,healthy,field:inat:402665608,0,none,images/train/healthy/6be70553d84e797346842c1c.jpg,320,240,80,a2864f5051e1a46065121bd8c458109ab8130e3180eaa40aa9f51ca8fd2d1cba
6be70553d84e797346842c1c__aug01,6be70553d84e797346842c1c,train,healthy,field_garden,crown_of_thorns,healthy,field:inat:402665608,1,"{""horizontal_flip"":false,""zoom"":1.1006,""rotation_degrees"":-5.367,""brightness"":0.8076,""contrast"":1.0106,""saturation"":1.0464,""blur_radius"":0.0,""noise_sigma"":2.278,""noise_seed"":2035558335,""jpeg_quality"":70}",images/train/healthy/6be70553d84e797346842c1c__aug01.jpg,320,240,70,4484b77edce79d9b93ce5cc90f0d365f84e83beb16f612985b8704ca30e35dda
d88b22e4e3a025170cab5a64,d88b22e4e3a025170cab5a64,validation,healthy,field_garden,cucumber,healthy,field:inat:397428503,0,none,images/validation/healthy/d88b22e4e3a025170cab5a64.jpg,320,240,80,bc1d6c2688df137dd61c1de8a48c46ba9192487931680c63a7da4d622f6c1ecc
44ec2cfd89ce2de351eb667f,44ec2cfd89ce2de351eb667f,test,healthy,field_garden,eggplant,healthy,field:inat:402924307,0,none,images/test/healthy/44ec2cfd89ce2de351eb667f.jpg,320,240,80,5e804dfdbd63639c26a72e8b37b18be74a7b5ded771a0459a5ebdb4982756e58
1eb441875be215ca5eedd796,1eb441875be215ca5eedd796,train,healthy,field_garden,gardenia,healthy,field:inat:402907086,0,none,images/train/healthy/1eb441875be215ca5eedd796.jpg,320,240,80,1651095ca29bce82a67b9f678c53fca31c54cef31e9e3b5db5a2f812fefd3a20
1eb441875be215ca5eedd796__aug01,1eb441875be215ca5eedd796,train,healthy,field_garden,gardenia,healthy,field:inat:402907086,1,"{""horizontal_flip"":true,""zoom"":1.1183,""rotation_degrees"":4.312,""brightness"":0.9782,""contrast"":0.9988,""saturation"":0.9844,""blur_radius"":0.0,""noise_sigma"":2.982,""noise_seed"":2948715819,""jpeg_quality"":65}",images/train/healthy/1eb441875be215ca5eedd796__aug01.jpg,320,240,65,98aacd7a745058d4815f0bb191c67f0bfb2a3117117c59dafb717e5fcece286a
628392f67273d60728b6e4a5,628392f67273d60728b6e4a5,train,healthy,field_garden,ginger,healthy,field:inat:400239207,0,none,images/train/healthy/628392f67273d60728b6e4a5.jpg,320,240,80,014e7136a7c0d58e0bcda41ff130552d4da3ce9f3340a5a74c452ac0416757c3
628392f67273d60728b6e4a5__aug01,628392f67273d60728b6e4a5,train,healthy,field_garden,ginger,healthy,field:inat:400239207,1,"{""horizontal_flip"":false,""zoom"":1.0028,""rotation_degrees"":-0.886,""brightness"":1.0014,""contrast"":1.0941,""saturation"":1.1033,""blur_radius"":0.0,""noise_sigma"":2.847,""noise_seed"":840732208,""jpeg_quality"":54}",images/train/healthy/628392f67273d60728b6e4a5__aug01.jpg,320,240,54,be83dc6dee3f23a10c83a4ffecac79641d485a0b7f966eb2fdf512efb20d78c2
c5610e0e0f65de7b63ea0d5e,c5610e0e0f65de7b63ea0d5e,train,healthy,field_garden,golden_barrel_cactus,healthy,field:inat:1375549,0,none,images/train/healthy/c5610e0e0f65de7b63ea0d5e.jpg,320,240,80,b02692e57ae86034508933e6597506c53d71a6d3f2a00fac744e8aeb0481aec2
c5610e0e0f65de7b63ea0d5e__aug01,c5610e0e0f65de7b63ea0d5e,train,healthy,field_garden,golden_barrel_cactus,healthy,field:inat:1375549,1,"{""horizontal_flip"":false,""zoom"":1.0844,""rotation_degrees"":6.026,""brightness"":1.1066,""contrast"":1.1495,""saturation"":1.0806,""blur_radius"":0.0,""noise_sigma"":3.872,""noise_seed"":3555344017,""jpeg_quality"":61}",images/train/healthy/c5610e0e0f65de7b63ea0d5e__aug01.jpg,320,240,61,4035f3c54f5628c825f6ac4ad0b8b829f7060e09e6ccb7c808f425e913f00c38
aaedc7d61d7b62f8c96f60f5,aaedc7d61d7b62f8c96f60f5,test,healthy,field_garden,guava,healthy,field:inat:402146950,0,none,images/test/healthy/aaedc7d61d7b62f8c96f60f5.jpg,320,240,80,5d75ab07800d51586634b925ae17032a46f3c00208125121192c2846790089b0
92846dee456b6c067853247b,92846dee456b6c067853247b,train,healthy,field_garden,hibiscus,healthy,field:inat:402930949,0,none,images/train/healthy/92846dee456b6c067853247b.jpg,320,240,80,bb9794c850074bc47404ba594e3feceaa6a900425ab33151dda4a8ea0973347a
92846dee456b6c067853247b__aug01,92846dee456b6c067853247b,train,healthy,field_garden,hibiscus,healthy,field:inat:402930949,1,"{""horizontal_flip"":true,""zoom"":1.0204,""rotation_degrees"":7.484,""brightness"":1.1379,""contrast"":0.9168,""saturation"":0.9891,""blur_radius"":0.599,""noise_sigma"":4.901,""noise_seed"":771440946,""jpeg_quality"":63}",images/train/healthy/92846dee456b6c067853247b__aug01.jpg,320,240,63,10614777be80b0f127127193dc8a9219f282ea98ac08fa54fcbcd55f59dc5d98
8b85d8409c3e029465879793,8b85d8409c3e029465879793,validation,healthy,field_garden,holy_basil_tulsi,healthy,field:inat:402680340,0,none,images/validation/healthy/8b85d8409c3e029465879793.jpg,320,240,80,20db0391030c05efee41f84552d5ae444dfc0e5e93476a1273c0077d2048a9cc
ac3f3f65202cfecf08d3408c,ac3f3f65202cfecf08d3408c,test,healthy,field_garden,hyacinth_bean,healthy,field:inat:400076456,0,none,images/test/healthy/ac3f3f65202cfecf08d3408c.jpg,320,240,80,661d3552350f262ef31c182454459ec60ab7e7d76b9e216889273430a056feb2
dfc30252dfb07836ab46bee9,dfc30252dfb07836ab46bee9,train,healthy,field_garden,indian_borage,healthy,field:inat:396936464,0,none,images/train/healthy/dfc30252dfb07836ab46bee9.jpg,320,240,80,314b5fd0b1620452fdcd0914ad4a03bdc44f6c89efbff379d6a4d2f58fad42f6
dfc30252dfb07836ab46bee9__aug01,dfc30252dfb07836ab46bee9,train,healthy,field_garden,indian_borage,healthy,field:inat:396936464,1,"{""horizontal_flip"":false,""zoom"":1.0686,""rotation_degrees"":2.271,""brightness"":0.9091,""contrast"":1.0412,""saturation"":0.832,""blur_radius"":0.0,""noise_sigma"":4.521,""noise_seed"":4284299957,""jpeg_quality"":54}",images/train/healthy/dfc30252dfb07836ab46bee9__aug01.jpg,320,240,54,2e198199dd7fb42627657b799512d278415f3298a70a4b0f11a8d0ad1d4641cb
b297b81ee7942caad4abe0ac,b297b81ee7942caad4abe0ac,train,healthy,field_garden,ixora,healthy,field:inat:402460706,0,none,images/train/healthy/b297b81ee7942caad4abe0ac.jpg,320,240,80,00e889b07910c57f7d10a53d1664255f260a4d24a0ce1454c3a66d49d754d589
b297b81ee7942caad4abe0ac__aug01,b297b81ee7942caad4abe0ac,train,healthy,field_garden,ixora,healthy,field:inat:402460706,1,"{""horizontal_flip"":true,""zoom"":1.0269,""rotation_degrees"":-6.466,""brightness"":0.8386,""contrast"":0.9849,""saturation"":0.9805,""blur_radius"":0.0,""noise_sigma"":5.918,""noise_seed"":1764462164,""jpeg_quality"":58}",images/train/healthy/b297b81ee7942caad4abe0ac__aug01.jpg,320,240,58,1dec11d6f0411331cd2da62212f68d49125d72c3afc6b7ac3a9b72ab2fda494c
33a2fa43279f99e83181e859,33a2fa43279f99e83181e859,train,healthy,field_garden,lemon_lime,healthy,field:inat:403651145,0,none,images/train/healthy/33a2fa43279f99e83181e859.jpg,320,240,80,a9cefba3c9f833ee8a174176f9109508dc824e219ebe34e7a08656e5aa2a0d9a
33a2fa43279f99e83181e859__aug01,33a2fa43279f99e83181e859,train,healthy,field_garden,lemon_lime,healthy,field:inat:403651145,1,"{""horizontal_flip"":false,""zoom"":1.1129,""rotation_degrees"":-0.487,""brightness"":1.0956,""contrast"":1.0769,""saturation"":1.0353,""blur_radius"":0.0,""noise_sigma"":2.404,""noise_seed"":1578286671,""jpeg_quality"":68}",images/train/healthy/33a2fa43279f99e83181e859__aug01.jpg,320,240,68,331637845ae759418405193d94634518504a9b46ee8d972c20565eca75be19ce
d021c1c2d77c61ac371c69b0,d021c1c2d77c61ac371c69b0,test,healthy,field_garden,malabar_spinach,healthy,field:inat:401830305,0,none,images/test/healthy/d021c1c2d77c61ac371c69b0.jpg,320,240,80,20406570649cd90c1bdc028ab3938b1c1127c6053090af3d068ba5effb16b2e2
36fcf68b8361dd19b8caf72c,36fcf68b8361dd19b8caf72c,validation,healthy,field_garden,mint,healthy,field:inat:403500598,0,none,images/validation/healthy/36fcf68b8361dd19b8caf72c.jpg,320,240,80,af760131b012f7d1052cb4f624cdb33371bbf89c915aca87f38c7e2fec688a22
48084ab322c03eb5805f2d52,48084ab322c03eb5805f2d52,train,healthy,field_garden,moss_rose,healthy,field:inat:403201455,0,none,images/train/healthy/48084ab322c03eb5805f2d52.jpg,320,240,80,64e6ee8c917cd24116dc53da1d32e06e9f76cdec419098be2daef53cc5931771
48084ab322c03eb5805f2d52__aug01,48084ab322c03eb5805f2d52,train,healthy,field_garden,moss_rose,healthy,field:inat:403201455,1,"{""horizontal_flip"":false,""zoom"":1.0127,""rotation_degrees"":-2.158,""brightness"":0.8,""contrast"":1.0694,""saturation"":1.0192,""blur_radius"":0.0,""noise_sigma"":3.366,""noise_seed"":3979537467,""jpeg_quality"":62}",images/train/healthy/48084ab322c03eb5805f2d52__aug01.jpg,320,240,62,9bdfb1b48e8b5f5cb2ea695b0fb285a900e7986ae7e63a3950314dd9d23e9703
1a1e4534eb5ecbcf7a21861b,1a1e4534eb5ecbcf7a21861b,train,healthy,field_garden,night_flowering_jasmine,healthy,field:inat:399430885,0,none,images/train/healthy/1a1e4534eb5ecbcf7a21861b.jpg,320,240,80,c303fe7bdecb72c87780f80ea4d0396c092eb7b919fe63320713a38902433a08
1a1e4534eb5ecbcf7a21861b__aug01,1a1e4534eb5ecbcf7a21861b,train,healthy,field_garden,night_flowering_jasmine,healthy,field:inat:399430885,1,"{""horizontal_flip"":false,""zoom"":1.0608,""rotation_degrees"":3.161,""brightness"":0.7883,""contrast"":0.869,""saturation"":1.044,""blur_radius"":0.0,""noise_sigma"":2.291,""noise_seed"":3740587661,""jpeg_quality"":63}",images/train/healthy/1a1e4534eb5ecbcf7a21861b__aug01.jpg,320,240,63,dd1c08f88dd25a40ef5f316c2324d70db04c1d942d86a32bdd5e730664f4716c
6e8f3e13c2d14592d5153ac0,6e8f3e13c2d14592d5153ac0,train,healthy,field_garden,okra,healthy,field:inat:402773964,0,none,images/train/healthy/6e8f3e13c2d14592d5153ac0.jpg,320,240,80,309a865fc2f86c880a52693b2a71a9b8169a8f831299e07a1ba4782f2d4205d1
6e8f3e13c2d14592d5153ac0__aug01,6e8f3e13c2d14592d5153ac0,train,healthy,field_garden,okra,healthy,field:inat:402773964,1,"{""horizontal_flip"":true,""zoom"":1.1199,""rotation_degrees"":3.064,""brightness"":1.1215,""contrast"":1.0365,""saturation"":1.1651,""blur_radius"":0.0,""noise_sigma"":3.889,""noise_seed"":49584299,""jpeg_quality"":68}",images/train/healthy/6e8f3e13c2d14592d5153ac0__aug01.jpg,320,240,68,4fa9a0df5817b1c434e7ef2e11d981f61c40dad529b2dbf8179f9122db682269
c552ec31dbd0f77b0c5e5073,c552ec31dbd0f77b0c5e5073,test,healthy,field_garden,papaya,healthy,field:inat:403559057,0,none,images/test/healthy/c552ec31dbd0f77b0c5e5073.jpg,320,240,80,05ad1c44cbb2f3d4885b2eda3f3491884897c81597c19f6071714c863a8abceb
237d7db263d55c55a3909282,237d7db263d55c55a3909282,validation,healthy,field_garden,periwinkle,healthy,field:inat:403396953,0,none,images/validation/healthy/237d7db263d55c55a3909282.jpg,320,240,80,cd556db4c3f4295dc83209318c43ead5de3d4cf2cc79c169a873541680122d4e
b46a4fdbdab4ce545f11b735,b46a4fdbdab4ce545f11b735,train,healthy,field_garden,pointed_gourd,healthy,field:inat:235270302,0,none,images/train/healthy/b46a4fdbdab4ce545f11b735.jpg,320,240,80,d3ef7fe4ef52b39aebfb055e169b960807290d6497869b02a08eaa64a9a005d1
b46a4fdbdab4ce545f11b735__aug01,b46a4fdbdab4ce545f11b735,train,healthy,field_garden,pointed_gourd,healthy,field:inat:235270302,1,"{""horizontal_flip"":true,""zoom"":1.0348,""rotation_degrees"":1.468,""brightness"":0.9856,""contrast"":1.0965,""saturation"":0.8831,""blur_radius"":0.0,""noise_sigma"":2.604,""noise_seed"":3074590461,""jpeg_quality"":65}",images/train/healthy/b46a4fdbdab4ce545f11b735__aug01.jpg,320,240,65,49a0abee66475a3591083c7f6774f44734946d14353cce01393dc6775297bd26
28b9c45a8c8962eb443a36cb,28b9c45a8c8962eb443a36cb,validation,healthy,field_garden,pomegranate,healthy,field:inat:403563004,0,none,images/validation/healthy/28b9c45a8c8962eb443a36cb.jpg,320,240,80,2856e0f222142af26028c8477d4d2aef929b31458375fc055bc1aeb7d180488d
66e88c8bcd3c11f6bba5c969,66e88c8bcd3c11f6bba5c969,test,healthy,field_garden,pothos_money_plant,healthy,field:inat:403059145,0,none,images/test/healthy/66e88c8bcd3c11f6bba5c969.jpg,320,240,80,a9f8c38a2709f593ea944ef836826c5f78245f3ec5d8266b1b2ed85b3811fbe9
f1a13f7253bc730e51e5f46b,f1a13f7253bc730e51e5f46b,train,healthy,field_garden,prickly_pear_cactus,healthy,field:inat:403638747,0,none,images/train/healthy/f1a13f7253bc730e51e5f46b.jpg,320,240,80,c40f92bd90e6123f5a40d65fef8fb71a1e112d92c0b5898d04a4827817acb1a0
f1a13f7253bc730e51e5f46b__aug01,f1a13f7253bc730e51e5f46b,train,healthy,field_garden,prickly_pear_cactus,healthy,field:inat:403638747,1,"{""horizontal_flip"":false,""zoom"":1.0014,""rotation_degrees"":6.483,""brightness"":0.8993,""contrast"":1.0061,""saturation"":0.8922,""blur_radius"":0.0,""noise_sigma"":5.803,""noise_seed"":3950243986,""jpeg_quality"":56}",images/train/healthy/f1a13f7253bc730e51e5f46b__aug01.jpg,320,240,56,e47bec2b6c27bf9e798dbc00fa3fa365f2dedec00eec8c6681898da9a10f9195
5fd4f4468aea39a020e595b0,5fd4f4468aea39a020e595b0,train,healthy,field_garden,pumpkin,healthy,field:inat:403528812,0,none,images/train/healthy/5fd4f4468aea39a020e595b0.jpg,320,240,80,4c3ca22c09fa322e6fe592ee0d1b90806e9f21e291e929827722330a1129417f
5fd4f4468aea39a020e595b0__aug01,5fd4f4468aea39a020e595b0,train,healthy,field_garden,pumpkin,healthy,field:inat:403528812,1,"{""horizontal_flip"":false,""zoom"":1.0288,""rotation_degrees"":1.095,""brightness"":0.868,""contrast"":1.1135,""saturation"":0.8571,""blur_radius"":0.536,""noise_sigma"":5.429,""noise_seed"":4134731655,""jpeg_quality"":72}",images/train/healthy/5fd4f4468aea39a020e595b0__aug01.jpg,320,240,72,209ad50b2e6ce66ad9472ddb915ccd551215b56441b6182da42314e91bdfab1e
ef64d1d6d31f78f70ca7f504,ef64d1d6d31f78f70ca7f504,validation,healthy,field_garden,red_amaranth,healthy,field:inat:395330933,0,none,images/validation/healthy/ef64d1d6d31f78f70ca7f504.jpg,320,240,80,e714fd33025ee0ce46bbdde4ec30ff8976aac6341ba7eaa5c42e269070097828
1cff25020a2bc2b7c308c997,1cff25020a2bc2b7c308c997,train,healthy,field_garden,ridge_gourd,healthy,field:inat:358125659,0,none,images/train/healthy/1cff25020a2bc2b7c308c997.jpg,320,240,80,f195da1c9b8fe37bb4b486ed99340ce7da93618d11506b1a9def76b58f29e534
1cff25020a2bc2b7c308c997__aug01,1cff25020a2bc2b7c308c997,train,healthy,field_garden,ridge_gourd,healthy,field:inat:358125659,1,"{""horizontal_flip"":false,""zoom"":1.0792,""rotation_degrees"":-5.868,""brightness"":0.805,""contrast"":0.9041,""saturation"":1.1338,""blur_radius"":0.0,""noise_sigma"":3.383,""noise_seed"":3294981658,""jpeg_quality"":67}",images/train/healthy/1cff25020a2bc2b7c308c997__aug01.jpg,320,240,67,1c89fa0ce5f32e8ddeb0867dc28d5bcce43ca6da080c6eea46a1d502d185c0de
7589aee335b11d1974215e95,7589aee335b11d1974215e95,validation,healthy,field_garden,rubber_plant,healthy,field:inat:403476474,0,none,images/validation/healthy/7589aee335b11d1974215e95.jpg,320,240,80,96562452bdce9cc09360b68b5e0d673a3d9985ce17e2ad74a5bac6ae6a5258e8
3a12ef8281ee3b501307e03f,3a12ef8281ee3b501307e03f,train,healthy,field_garden,snake_plant,healthy,field:inat:402004474,0,none,images/train/healthy/3a12ef8281ee3b501307e03f.jpg,320,240,80,08c290319a9e53db8369ecaebb47816401b94cd9505db88334784290325eadff
3a12ef8281ee3b501307e03f__aug01,3a12ef8281ee3b501307e03f,train,healthy,field_garden,snake_plant,healthy,field:inat:402004474,1,"{""horizontal_flip"":false,""zoom"":1.0793,""rotation_degrees"":-3.786,""brightness"":1.1767,""contrast"":1.143,""saturation"":0.9655,""blur_radius"":0.326,""noise_sigma"":3.416,""noise_seed"":2921065377,""jpeg_quality"":69}",images/train/healthy/3a12ef8281ee3b501307e03f__aug01.jpg,320,240,69,7325044ca071e126c032e66d612a4e9bd2a7831cc1cec1e70c7f76a1d75240b3
c5208b9aa7b2a89b9f3a9b6a,c5208b9aa7b2a89b9f3a9b6a,validation,healthy,field_garden,sponge_gourd,healthy,field:inat:398891027,0,none,images/validation/healthy/c5208b9aa7b2a89b9f3a9b6a.jpg,320,240,80,804d41c8ac6395246b792a8b75e7e7a41f6524f81ae7a3916610155c87a8f17c
0380448e32f590e4deb392e9,0380448e32f590e4deb392e9,train,healthy,field_garden,stem_amaranth,healthy,field:inat:403345490,0,none,images/train/healthy/0380448e32f590e4deb392e9.jpg,320,240,80,a3a6b865c3edba4338ed057cc0a1dc8e270de69bbd93686887735ace314c13ec
0380448e32f590e4deb392e9__aug01,0380448e32f590e4deb392e9,train,healthy,field_garden,stem_amaranth,healthy,field:inat:403345490,1,"{""horizontal_flip"":true,""zoom"":1.0768,""rotation_degrees"":4.091,""brightness"":1.1676,""contrast"":1.0081,""saturation"":0.9094,""blur_radius"":0.0,""noise_sigma"":2.138,""noise_seed"":1507049060,""jpeg_quality"":48}",images/train/healthy/0380448e32f590e4deb392e9__aug01.jpg,320,240,48,40c524147e6758cc898be5d5da1236edb26038275ccb8058ae7ec66a5a0dc9a4
7599d75346c357c73a68a9e1,7599d75346c357c73a68a9e1,train,healthy,field_garden,sunflower,healthy,field:inat:403600360,0,none,images/train/healthy/7599d75346c357c73a68a9e1.jpg,320,240,80,b619f30e24a80deef22e6e09fe0378cd0193f7fbb26bca74a5c2c32a937ec9a2
7599d75346c357c73a68a9e1__aug01,7599d75346c357c73a68a9e1,train,healthy,field_garden,sunflower,healthy,field:inat:403600360,1,"{""horizontal_flip"":true,""zoom"":1.0554,""rotation_degrees"":-1.582,""brightness"":1.1491,""contrast"":1.0932,""saturation"":1.03,""blur_radius"":0.627,""noise_sigma"":2.162,""noise_seed"":235800660,""jpeg_quality"":70}",images/train/healthy/7599d75346c357c73a68a9e1__aug01.jpg,320,240,70,1c412c24bf8399692a5977eb4aca7651877cecb09f917fea6eb3c5637a86a858
90732f3babd9486401c5ec11,90732f3babd9486401c5ec11,validation,healthy,field_garden,tomato,healthy,field:inat:403355741,0,none,images/validation/healthy/90732f3babd9486401c5ec11.jpg,320,240,80,db466839de5693a7de3364811b0e2dd6ebf3767a60a7fc588a75a72f26c9e478
9bfd593dc4906a5e8549d655,9bfd593dc4906a5e8549d655,validation,healthy,field_garden,turmeric,healthy,field:inat:376729755,0,none,images/validation/healthy/9bfd593dc4906a5e8549d655.jpg,320,240,80,c4002b044778902dc647cd264816c14c18defc8204c52e4f8d80d3664ac05f9b
9a915d995b62e86e9771482d,9a915d995b62e86e9771482d,train,healthy,field_garden,water_spinach,healthy,field:inat:402184563,0,none,images/train/healthy/9a915d995b62e86e9771482d.jpg,320,240,80,be80a04c42a4e9e9e0e1245e66fc4f3fb483f1db5814014191e81ccd2f797919
9a915d995b62e86e9771482d__aug01,9a915d995b62e86e9771482d,train,healthy,field_garden,water_spinach,healthy,field:inat:402184563,1,"{""horizontal_flip"":true,""zoom"":1.0626,""rotation_degrees"":2.003,""brightness"":1.05,""contrast"":1.0721,""saturation"":0.837,""blur_radius"":0.0,""noise_sigma"":5.834,""noise_seed"":135683539,""jpeg_quality"":61}",images/train/healthy/9a915d995b62e86e9771482d__aug01.jpg,320,240,61,c47b0ddd196b3fdbe1ac448c0ed7b10204435b0440878ce227fe956ee2277b90
be2e832e1cf73b5d905cec62,be2e832e1cf73b5d905cec62,train,healthy,field_garden,aloe_vera,healthy,field:inat:400492417,0,none,images/train/healthy/be2e832e1cf73b5d905cec62.jpg,320,240,80,ea927e702303d05bb472fd86d4faae4ab4ae97bb77912f62c346789781a51a95
be2e832e1cf73b5d905cec62__aug01,be2e832e1cf73b5d905cec62,train,healthy,field_garden,aloe_vera,healthy,field:inat:400492417,1,"{""horizontal_flip"":true,""zoom"":1.0452,""rotation_degrees"":-5.162,""brightness"":0.9928,""contrast"":0.8824,""saturation"":1.0059,""blur_radius"":0.0,""noise_sigma"":4.362,""noise_seed"":2828699234,""jpeg_quality"":52}",images/train/healthy/be2e832e1cf73b5d905cec62__aug01.jpg,320,240,52,976c91e128523d074de0947c7882327f348a0c020c7df2364fa8f4b6f7caf82c
9554c8de00da42601ec80e14,9554c8de00da42601ec80e14,train,healthy,field_garden,arabian_jasmine,healthy,field:inat:385214136,0,none,images/train/healthy/9554c8de00da42601ec80e14.jpg,320,240,80,9b68ad04742c59ea14971d9c29811003e5c9a9e39e63218398fcb8295a9d2190
9554c8de00da42601ec80e14__aug01,9554c8de00da42601ec80e14,train,healthy,field_garden,arabian_jasmine,healthy,field:inat:385214136,1,"{""horizontal_flip"":true,""zoom"":1.0238,""rotation_degrees"":-3.664,""brightness"":1.1698,""contrast"":0.9434,""saturation"":1.1175,""blur_radius"":0.0,""noise_sigma"":3.96,""noise_seed"":2623119212,""jpeg_quality"":58}",images/train/healthy/9554c8de00da42601ec80e14__aug01.jpg,320,240,58,95aa3dfc17ef0fc6333354ca779d9c49e7ded47d2026b7f60530f7a6bafd07ce
496c1c7337cff36fd7a4f66e,496c1c7337cff36fd7a4f66e,train,healthy,field_garden,bitter_gourd,healthy,field:inat:403410897,0,none,images/train/healthy/496c1c7337cff36fd7a4f66e.jpg,320,240,80,dbc8942a4e454d2b0df4997e6d6fb91ec4241acb2550979cca5ee1768b9eb7bb
496c1c7337cff36fd7a4f66e__aug01,496c1c7337cff36fd7a4f66e,train,healthy,field_garden,bitter_gourd,healthy,field:inat:403410897,1,"{""horizontal_flip"":true,""zoom"":1.0816,""rotation_degrees"":-2.337,""brightness"":0.7877,""contrast"":1.1649,""saturation"":0.9154,""blur_radius"":0.0,""noise_sigma"":5.008,""noise_seed"":496354770,""jpeg_quality"":71}",images/train/healthy/496c1c7337cff36fd7a4f66e__aug01.jpg,320,240,71,15852d959f7d77641c455556f0d0f90d03b47ad094b72a6e07afab47cd8efe7e
cdcb9c7a6fe62c994a27589f,cdcb9c7a6fe62c994a27589f,train,healthy,field_garden,bottle_gourd,healthy,field:inat:402999620,0,none,images/train/healthy/cdcb9c7a6fe62c994a27589f.jpg,320,240,80,ad3e908ede04c9fe93259eb4aed8cc52dff62264ca098083b2a28ef28e3b6a9d
cdcb9c7a6fe62c994a27589f__aug01,cdcb9c7a6fe62c994a27589f,train,healthy,field_garden,bottle_gourd,healthy,field:inat:402999620,1,"{""horizontal_flip"":false,""zoom"":1.0081,""rotation_degrees"":5.164,""brightness"":1.0139,""contrast"":0.9253,""saturation"":0.8562,""blur_radius"":0.0,""noise_sigma"":2.602,""noise_seed"":2058278795,""jpeg_quality"":60}",images/train/healthy/cdcb9c7a6fe62c994a27589f__aug01.jpg,320,240,60,a8dcf6635fe5ecebeed123e3792ec0bf08174e792d2b54c2fadd0adfd476ae8a
2d8778f229df869a92501331,2d8778f229df869a92501331,train,healthy,field_garden,butterfly_pea,healthy,field:inat:403193341,0,none,images/train/healthy/2d8778f229df869a92501331.jpg,320,240,80,a37e844142cf62a269653b9aa53d3899e538439461ab8437cfcf750faaa81ad3
2d8778f229df869a92501331__aug01,2d8778f229df869a92501331,train,healthy,field_garden,butterfly_pea,healthy,field:inat:403193341,1,"{""horizontal_flip"":true,""zoom"":1.0086,""rotation_degrees"":-0.753,""brightness"":0.9842,""contrast"":1.1369,""saturation"":1.0191,""blur_radius"":0.0,""noise_sigma"":4.86,""noise_seed"":3623939769,""jpeg_quality"":71}",images/train/healthy/2d8778f229df869a92501331__aug01.jpg,320,240,71,60201cfd10a9efef0dd0a91057b03ee87b33e0e8657102a67f5dcd7cb3fb3a15
a61051fa6fd669e8a55e7867,a61051fa6fd669e8a55e7867,test,healthy,field_garden,chili_pepper,healthy,field:inat:401831782,0,none,images/test/healthy/a61051fa6fd669e8a55e7867.jpg,320,240,80,8b76cfea2f6cdca7eb1939b8f71e7a075f36370fecaa433dcf66e4f33caaf643
31b3b732192d781ceaba9f1d,31b3b732192d781ceaba9f1d,train,healthy,field_garden,chinese_evergreen,healthy,field:inat:396335098,0,none,images/train/healthy/31b3b732192d781ceaba9f1d.jpg,320,240,80,f3ff45db94e61d0852a4052840edf7b4dad74540c366a65f4572ebf5f178660d
31b3b732192d781ceaba9f1d__aug01,31b3b732192d781ceaba9f1d,train,healthy,field_garden,chinese_evergreen,healthy,field:inat:396335098,1,"{""horizontal_flip"":false,""zoom"":1.0913,""rotation_degrees"":5.145,""brightness"":1.121,""contrast"":1.0673,""saturation"":0.9673,""blur_radius"":0.0,""noise_sigma"":4.312,""noise_seed"":2582095602,""jpeg_quality"":49}",images/train/healthy/31b3b732192d781ceaba9f1d__aug01.jpg,320,240,49,96b1805267de747b703c04886497c2973e15c20a4f12c662a9107b9728d25048
d8658c141356d9a5f8a17c92,d8658c141356d9a5f8a17c92,train,healthy,field_garden,chrysanthemum,healthy,field:inat:403617590,0,none,images/train/healthy/d8658c141356d9a5f8a17c92.jpg,320,240,80,f3cae4ec30ca9926881ca069662c39e93dcdf7f6236823e5a655a9a126a76f43
d8658c141356d9a5f8a17c92__aug01,d8658c141356d9a5f8a17c92,train,healthy,field_garden,chrysanthemum,healthy,field:inat:403617590,1,"{""horizontal_flip"":false,""zoom"":1.0049,""rotation_degrees"":7.433,""brightness"":1.1204,""contrast"":0.8276,""saturation"":0.8848,""blur_radius"":0.0,""noise_sigma"":4.022,""noise_seed"":1142603088,""jpeg_quality"":64}",images/train/healthy/d8658c141356d9a5f8a17c92__aug01.jpg,320,240,64,0d4d6902234e37b2d36ee344ed2370096ebd297798c56ec53b6b81fc1ada4523
9ccab3b4378126f56a1f4356,9ccab3b4378126f56a1f4356,train,healthy,field_garden,coleus,healthy,field:inat:403150324,0,none,images/train/healthy/9ccab3b4378126f56a1f4356.jpg,320,240,80,94083deaa093ec0bf8583f67fc8d8c7d8affd694073b58d5635a2a6a8b1b97f5
9ccab3b4378126f56a1f4356__aug01,9ccab3b4378126f56a1f4356,train,healthy,field_garden,coleus,healthy,field:inat:403150324,1,"{""horizontal_flip"":false,""zoom"":1.0506,""rotation_degrees"":-6.223,""brightness"":0.8234,""contrast"":1.1086,""saturation"":0.9501,""blur_radius"":0.0,""noise_sigma"":5.515,""noise_seed"":1159648389,""jpeg_quality"":67}",images/train/healthy/9ccab3b4378126f56a1f4356__aug01.jpg,320,240,67,9d0b787ea43033c3a2edee7fe8159ce011f6566b418156569c32c99aeee2c110
406292ff4620c517d496938e,406292ff4620c517d496938e,train,healthy,field_garden,coriander,healthy,field:inat:389417035,0,none,images/train/healthy/406292ff4620c517d496938e.jpg,320,240,80,48efc8c551aa69896fdfa5b8aa9a1c7b96660c22642d05ccf36e6cb7c3008c9e
406292ff4620c517d496938e__aug01,406292ff4620c517d496938e,train,healthy,field_garden,coriander,healthy,field:inat:389417035,1,"{""horizontal_flip"":false,""zoom"":1.0185,""rotation_degrees"":-4.359,""brightness"":1.051,""contrast"":1.0523,""saturation"":1.1243,""blur_radius"":0.0,""noise_sigma"":5.919,""noise_seed"":3136669249,""jpeg_quality"":70}",images/train/healthy/406292ff4620c517d496938e__aug01.jpg,320,240,70,55382630845e19b85f9dd6d6162dca7cf1b9c09412c4082c372a3c3ff190d093
20953bb968d9b1035f806c93,20953bb968d9b1035f806c93,test,healthy,field_garden,crape_jasmine,healthy,field:inat:401570499,0,none,images/test/healthy/20953bb968d9b1035f806c93.jpg,320,240,80,d721f6e52071c807d92b32bdd3d4e990cdb6f8653801c0abb6710f56068828bf
4fd3842ab1a0ec7351bd9543,4fd3842ab1a0ec7351bd9543,train,healthy,field_garden,croton,healthy,field:inat:402945050,0,none,images/train/healthy/4fd3842ab1a0ec7351bd9543.jpg,320,240,80,22107e331d1c4f222188473bd70b3796351711cb8df8660f0be93b06f18a2999
4fd3842ab1a0ec7351bd9543__aug01,4fd3842ab1a0ec7351bd9543,train,healthy,field_garden,croton,healthy,field:inat:402945050,1,"{""horizontal_flip"":true,""zoom"":1.059,""rotation_degrees"":-2.687,""brightness"":0.9948,""contrast"":1.0335,""saturation"":1.0831,""blur_radius"":0.417,""noise_sigma"":4.068,""noise_seed"":871034177,""jpeg_quality"":68}",images/train/healthy/4fd3842ab1a0ec7351bd9543__aug01.jpg,320,240,68,be7b04605697d33360209b8d7f91eac21b2c5f2668842bbef1f7b7d65818408f
20ef7c986392af1e2b42702a,20ef7c986392af1e2b42702a,validation,healthy,field_garden,crown_of_thorns,healthy,field:inat:400200749,0,none,images/validation/healthy/20ef7c986392af1e2b42702a.jpg,320,240,80,9c528a4ebeddfa574a1b4eee2bcc9cf3cb7342ba9f9b1956ace72ca56386b204
f31b9843bc9adaf0fbdcf4dd,f31b9843bc9adaf0fbdcf4dd,train,healthy,field_garden,eggplant,healthy,field:inat:401291818,0,none,images/train/healthy/f31b9843bc9adaf0fbdcf4dd.jpg,320,240,80,f70fcd005192466accb3af5481b08462cf8884b4978b0b29028c75eac7fdedf7
f31b9843bc9adaf0fbdcf4dd__aug01,f31b9843bc9adaf0fbdcf4dd,train,healthy,field_garden,eggplant,healthy,field:inat:401291818,1,"{""horizontal_flip"":true,""zoom"":1.0254,""rotation_degrees"":-6.01,""brightness"":0.9089,""contrast"":1.0697,""saturation"":0.7992,""blur_radius"":0.717,""noise_sigma"":5.144,""noise_seed"":2288239116,""jpeg_quality"":53}",images/train/healthy/f31b9843bc9adaf0fbdcf4dd__aug01.jpg,320,240,53,5ffb9fffe1fce3257fc4a3135fc81be5acae82fb98aabb0f74d339dbe45e1992
d11bb9aa983a6101a381f111,d11bb9aa983a6101a381f111,test,healthy,field_garden,gardenia,healthy,field:inat:402079246,0,none,images/test/healthy/d11bb9aa983a6101a381f111.jpg,320,240,80,f8a60f8de3810cb45f887cd7b07b71e4c6875cfca6625561f49dabeee5a087eb
9e575ed403636db763b09267,9e575ed403636db763b09267,test,healthy,field_garden,ginger,healthy,field:inat:369759771,0,none,images/test/healthy/9e575ed403636db763b09267.jpg,320,240,80,4fad7288d7cf84ce99c58699f45170ece50053bd8bd75a405f5c8dc281bd1773
6e441081c0815d3b0bb609a3,6e441081c0815d3b0bb609a3,train,healthy,field_garden,golden_barrel_cactus,healthy,field:inat:403347124,0,none,images/train/healthy/6e441081c0815d3b0bb609a3.jpg,320,240,80,354c1e27014ac925d2d2d493e4d574a3488e556479edce4550519ba972936c67
6e441081c0815d3b0bb609a3__aug01,6e441081c0815d3b0bb609a3,train,healthy,field_garden,golden_barrel_cactus,healthy,field:inat:403347124,1,"{""horizontal_flip"":false,""zoom"":1.1054,""rotation_degrees"":6.625,""brightness"":0.9829,""contrast"":1.1194,""saturation"":0.8509,""blur_radius"":0.0,""noise_sigma"":3.944,""noise_seed"":2650244467,""jpeg_quality"":59}",images/train/healthy/6e441081c0815d3b0bb609a3__aug01.jpg,320,240,59,2cb4575f3f32880749ceed7a5234120cae4e8462c7b15473831653461af716db
7f6b7a6adb7e65c933ed829c,7f6b7a6adb7e65c933ed829c,validation,healthy,field_garden,guava,healthy,field:inat:402555834,0,none,images/validation/healthy/7f6b7a6adb7e65c933ed829c.jpg,320,240,80,f715f21af5b311cc4fbffaccdc3cd240270e425d1ad4cd529a66313135df2488
a5f0276e83d295bd19d9faa1,a5f0276e83d295bd19d9faa1,test,healthy,field_garden,hibiscus,healthy,field:inat:403198849,0,none,images/test/healthy/a5f0276e83d295bd19d9faa1.jpg,320,240,80,2015e7beede10533315ca6fac5531d0068ee2cc58b4beb818bebe31ca64c42f7
69c6bd344e70edba6654fce5,69c6bd344e70edba6654fce5,train,healthy,field_garden,holy_basil_tulsi,healthy,field:inat:402681282,0,none,images/train/healthy/69c6bd344e70edba6654fce5.jpg,320,240,80,df439c38d4a5dd93d86c422c4397b17d2632e3dd22f93f586a86dd879f4c53c2
69c6bd344e70edba6654fce5__aug01,69c6bd344e70edba6654fce5,train,healthy,field_garden,holy_basil_tulsi,healthy,field:inat:402681282,1,"{""horizontal_flip"":true,""zoom"":1.0355,""rotation_degrees"":5.625,""brightness"":0.9795,""contrast"":1.0558,""saturation"":0.8251,""blur_radius"":0.0,""noise_sigma"":5.159,""noise_seed"":67360978,""jpeg_quality"":65}",images/train/healthy/69c6bd344e70edba6654fce5__aug01.jpg,320,240,65,4765f718687c1a5ba13fe498b23074f1d728c7bff908e2ae602b92e4a93e9c11
c1476945bdf1953e7f0d61fb,c1476945bdf1953e7f0d61fb,test,healthy,field_garden,hyacinth_bean,healthy,field:inat:395640562,0,none,images/test/healthy/c1476945bdf1953e7f0d61fb.jpg,320,240,80,5784fdd44fab59bebefccf23a4aa73532d2ff8a98093cfe48f412055bdd3c3c6
1b30b096cca8d0857157bb7b,1b30b096cca8d0857157bb7b,test,unhealthy,field_garden,tomato,Late blight,field:inat:323901838,0,none,images/test/unhealthy/1b30b096cca8d0857157bb7b.jpg,320,240,80,ac36eb6b328c70acabd83eac6fdb2329dbc72046dc523f11d4f870d4b32a4eb4
346e2bf4cb940fecd96ac816,346e2bf4cb940fecd96ac816,train,unhealthy,field_garden,tomato,Late blight,field:inat:250484413,0,none,images/train/unhealthy/346e2bf4cb940fecd96ac816.jpg,320,240,80,9c1432d4abe29d4b8adaf2fc4e9afb26f6b39bd8576afe7878e31840be83db56
346e2bf4cb940fecd96ac816__aug01,346e2bf4cb940fecd96ac816,train,unhealthy,field_garden,tomato,Late blight,field:inat:250484413,1,"{""horizontal_flip"":true,""zoom"":1.0617,""rotation_degrees"":2.103,""brightness"":1.168,""contrast"":0.9292,""saturation"":0.7825,""blur_radius"":0.594,""noise_sigma"":3.066,""noise_seed"":1884388918,""jpeg_quality"":71}",images/train/unhealthy/346e2bf4cb940fecd96ac816__aug01.jpg,320,240,71,20e6e292e97843f030dbbf71258691d700ce38d9bf18e817f1c1f0e14d795c86
f76d180197568ca98ad0edf5,f76d180197568ca98ad0edf5,train,unhealthy,field_garden,tomato,Late blight,field:inat:249742031,0,none,images/train/unhealthy/f76d180197568ca98ad0edf5.jpg,320,240,80,03dec2451667b6c4446b4f9d07149c43717613cac208ed53f5010c8e0f0fa630
f76d180197568ca98ad0edf5__aug01,f76d180197568ca98ad0edf5,train,unhealthy,field_garden,tomato,Late blight,field:inat:249742031,1,"{""horizontal_flip"":true,""zoom"":1.1063,""rotation_degrees"":0.279,""brightness"":0.9661,""contrast"":0.9796,""saturation"":0.9596,""blur_radius"":0.484,""noise_sigma"":3.504,""noise_seed"":2534438883,""jpeg_quality"":59}",images/train/unhealthy/f76d180197568ca98ad0edf5__aug01.jpg,320,240,59,0a87b47bc8a7ef05abc9c7576be3a739e6a93d6d876399f4875dc2a90b964cf9
2cdfeb98576b1ac6bc82ff4d,2cdfeb98576b1ac6bc82ff4d,test,unhealthy,field_garden,tomato,Late blight,field:inat:247745963,0,none,images/test/unhealthy/2cdfeb98576b1ac6bc82ff4d.jpg,320,240,80,2b1865dc05fc4d117b2cb558601fe6241e118d802e867b7114ee779cb71c005e
66ed067ca73dbafa049ba85c,66ed067ca73dbafa049ba85c,train,unhealthy,field_garden,tomato,Late blight,field:inat:233451931,0,none,images/train/unhealthy/66ed067ca73dbafa049ba85c.jpg,320,240,80,15f142498127e4c102583d838aa2e660b1d4b7a7eaf6ad8aee30c2789a6dcced
66ed067ca73dbafa049ba85c__aug01,66ed067ca73dbafa049ba85c,train,unhealthy,field_garden,tomato,Late blight,field:inat:233451931,1,"{""horizontal_flip"":false,""zoom"":1.0907,""rotation_degrees"":0.941,""brightness"":1.0381,""contrast"":1.1536,""saturation"":0.9861,""blur_radius"":0.399,""noise_sigma"":3.397,""noise_seed"":674878134,""jpeg_quality"":49}",images/train/unhealthy/66ed067ca73dbafa049ba85c__aug01.jpg,320,240,49,203e7aa81b069ba30b8f14bc4582c0b23d65791d90725a26e8c1e318276f84b2
0cc1cda3d8c4d13a3e945645,0cc1cda3d8c4d13a3e945645,validation,unhealthy,field_garden,bitter_gourd,Downy mildew,field:inat:126545099,0,none,images/validation/unhealthy/0cc1cda3d8c4d13a3e945645.jpg,320,240,80,7b712a604bf58fef194abafff4d1018d6e661cc19861867da41d8806923da172
c41ff80faba40301c8c27fbb,c41ff80faba40301c8c27fbb,train,unhealthy,field_garden,sponge_gourd,Downy mildew,field:inat:38845589,0,none,images/train/unhealthy/c41ff80faba40301c8c27fbb.jpg,320,240,80,353eeaf0648286c3f327af6adbec5ddb9daf811f46150870445dcbcb5b2618e0
c41ff80faba40301c8c27fbb__aug01,c41ff80faba40301c8c27fbb,train,unhealthy,field_garden,sponge_gourd,Downy mildew,field:inat:38845589,1,"{""horizontal_flip"":true,""zoom"":1.0889,""rotation_degrees"":1.422,""brightness"":0.9812,""contrast"":0.9381,""saturation"":0.8915,""blur_radius"":0.381,""noise_sigma"":2.423,""noise_seed"":1516544703,""jpeg_quality"":60}",images/train/unhealthy/c41ff80faba40301c8c27fbb__aug01.jpg,320,240,60,1323cfca4e4b889d36872e66ccdb449c32ba2f96819f7a79461345e7262b2eed
e81c6ce223b8403b8c055b5c,e81c6ce223b8403b8c055b5c,train,unhealthy,field_garden,sponge_gourd,Downy mildew,field:inat:38843081,0,none,images/train/unhealthy/e81c6ce223b8403b8c055b5c.jpg,320,240,80,a85d4e545a30562b08d4749da38f67e9db0707640a2047621b9a1e1a6c0006f9
e81c6ce223b8403b8c055b5c__aug01,e81c6ce223b8403b8c055b5c,train,unhealthy,field_garden,sponge_gourd,Downy mildew,field:inat:38843081,1,"{""horizontal_flip"":false,""zoom"":1.043,""rotation_degrees"":2.6,""brightness"":0.8622,""contrast"":1.0535,""saturation"":1.1233,""blur_radius"":0.0,""noise_sigma"":3.218,""noise_seed"":1526352166,""jpeg_quality"":66}",images/train/unhealthy/e81c6ce223b8403b8c055b5c__aug01.jpg,320,240,66,a7f473179a543273833f8158067640abc352d2613673e55d60aa9866e0cc39f1
f5eb486516ac829ae855bbbf,f5eb486516ac829ae855bbbf,train,unhealthy,field_garden,sponge_gourd,Downy mildew,field:inat:38843080,0,none,images/train/unhealthy/f5eb486516ac829ae855bbbf.jpg,320,240,80,bf6fe1641e56c10c8e410765ae065d9e48efaadb99437b837fc8f0bef585014c
f5eb486516ac829ae855bbbf__aug01,f5eb486516ac829ae855bbbf,train,unhealthy,field_garden,sponge_gourd,Downy mildew,field:inat:38843080,1,"{""horizontal_flip"":false,""zoom"":1.1083,""rotation_degrees"":-6.298,""brightness"":0.8683,""contrast"":0.8288,""saturation"":1.0683,""blur_radius"":0.0,""noise_sigma"":4.825,""noise_seed"":3911609229,""jpeg_quality"":65}",images/train/unhealthy/f5eb486516ac829ae855bbbf__aug01.jpg,320,240,65,f2fc5baac41540bdec3f77b0ee8dba9b1d38ec15127492f3a245fed792875282
123f5f4fa7ef3e0f84f2b255,123f5f4fa7ef3e0f84f2b255,train,unhealthy,field_garden,yardlong_bean,Bean rust,field:inat:399304836,0,none,images/train/unhealthy/123f5f4fa7ef3e0f84f2b255.jpg,320,240,80,bee3ca28c776ececa0ba598e5a882d939cf75af4c8a6316fbe127ddd2fd333ae
123f5f4fa7ef3e0f84f2b255__aug01,123f5f4fa7ef3e0f84f2b255,train,unhealthy,field_garden,yardlong_bean,Bean rust,field:inat:399304836,1,"{""horizontal_flip"":true,""zoom"":1.0777,""rotation_degrees"":2.626,""brightness"":0.9717,""contrast"":0.8227,""saturation"":0.9858,""blur_radius"":0.0,""noise_sigma"":3.023,""noise_seed"":970792189,""jpeg_quality"":72}",images/train/unhealthy/123f5f4fa7ef3e0f84f2b255__aug01.jpg,320,240,72,04be710884eced4c103e4d2b4fccd7ac23d93b17e9d928a003f572b15c926963
852e26fcd66e2ab06b4f3cb7,852e26fcd66e2ab06b4f3cb7,validation,unhealthy,field_garden,yardlong_bean,Bean rust,field:inat:399208983,0,none,images/validation/unhealthy/852e26fcd66e2ab06b4f3cb7.jpg,320,240,80,c254af2dbf0aa68ff2875eb125900196b23c24db5e7dc88f95efdd4df9d8ad95
b35765381e86e0e1a61ab3a2,b35765381e86e0e1a61ab3a2,train,unhealthy,field_garden,yardlong_bean,Bean rust,field:inat:356683576,0,none,images/train/unhealthy/b35765381e86e0e1a61ab3a2.jpg,320,240,80,a7ab23cfdb3a5b39ec24400425fd6c23856869e4df9df460520d05b597d61311
b35765381e86e0e1a61ab3a2__aug01,b35765381e86e0e1a61ab3a2,train,unhealthy,field_garden,yardlong_bean,Bean rust,field:inat:356683576,1,"{""horizontal_flip"":false,""zoom"":1.0679,""rotation_degrees"":-0.251,""brightness"":0.8461,""contrast"":0.9783,""saturation"":0.9707,""blur_radius"":0.0,""noise_sigma"":2.608,""noise_seed"":376747805,""jpeg_quality"":64}",images/train/unhealthy/b35765381e86e0e1a61ab3a2__aug01.jpg,320,240,64,2e6f48d315502d1de86d1a74378325593a5fe4267fe388d470d6110e603d64c3
fd4b73e455ef00fb3c6aa795,fd4b73e455ef00fb3c6aa795,train,unhealthy,field_garden,yardlong_bean,Bean rust,field:inat:356335521,0,none,images/train/unhealthy/fd4b73e455ef00fb3c6aa795.jpg,320,240,80,d143d7c717a719d08fc45a04ab47908866b7e3c287af2bdf894f371d98518ccc
fd4b73e455ef00fb3c6aa795__aug01,fd4b73e455ef00fb3c6aa795,train,unhealthy,field_garden,yardlong_bean,Bean rust,field:inat:356335521,1,"{""horizontal_flip"":true,""zoom"":1.0103,""rotation_degrees"":4.3,""brightness"":0.8144,""contrast"":1.0694,""saturation"":1.0601,""blur_radius"":0.0,""noise_sigma"":3.609,""noise_seed"":3860513038,""jpeg_quality"":71}",images/train/unhealthy/fd4b73e455ef00fb3c6aa795__aug01.jpg,320,240,71,45cf980e3cbae834a5033ffeef7878df9e176d9e39c43a151a4346517e99aea3
dcc30e8e25c442537d520feb,dcc30e8e25c442537d520feb,test,unhealthy,field_garden,yardlong_bean,Bean rust,field:inat:352465449,0,none,images/test/unhealthy/dcc30e8e25c442537d520feb.jpg,320,240,80,296545753093e0fc73c344098eead6e5a68a519c475914e96ae1c4c0fb9ba4a4
1a61d6eb9b9bd0275c39a139,1a61d6eb9b9bd0275c39a139,validation,unhealthy,field_garden,water_spinach,White rust,field:inat:144429377,0,none,images/validation/unhealthy/1a61d6eb9b9bd0275c39a139.jpg,320,240,80,720aee6346ffd7c878a1844ab6cd24903f84d98817473de7d9b3e8e0da5618f6
546d7275be12c5499a22b182,546d7275be12c5499a22b182,train,unhealthy,field_garden,water_spinach,White rust,field:inat:55375637,0,none,images/train/unhealthy/546d7275be12c5499a22b182.jpg,320,240,80,ede15ae6f210e8007e0291a3e530bca642f903263a9954d394ef0f19f34d51a0
546d7275be12c5499a22b182__aug01,546d7275be12c5499a22b182,train,unhealthy,field_garden,water_spinach,White rust,field:inat:55375637,1,"{""horizontal_flip"":false,""zoom"":1.1013,""rotation_degrees"":5.023,""brightness"":0.9132,""contrast"":1.1227,""saturation"":0.8729,""blur_radius"":0.0,""noise_sigma"":5.876,""noise_seed"":797815245,""jpeg_quality"":51}",images/train/unhealthy/546d7275be12c5499a22b182__aug01.jpg,320,240,51,59c705bf8ae100dc53b5025638f03df8bf7cf04e507d422b3664630e49d96a6f
9772eff69668e37f47df9094,9772eff69668e37f47df9094,train,unhealthy,field_garden,mint,Mint rust,field:inat:402018532,0,none,images/train/unhealthy/9772eff69668e37f47df9094.jpg,320,240,80,c46fa929624ac5a42f99c4ac2c3d2a69db3c19c466865c5f6e73a7c68d18d2d0
9772eff69668e37f47df9094__aug01,9772eff69668e37f47df9094,train,unhealthy,field_garden,mint,Mint rust,field:inat:402018532,1,"{""horizontal_flip"":false,""zoom"":1.0766,""rotation_degrees"":-3.953,""brightness"":0.9533,""contrast"":0.872,""saturation"":0.8515,""blur_radius"":0.0,""noise_sigma"":5.38,""noise_seed"":1998725516,""jpeg_quality"":51}",images/train/unhealthy/9772eff69668e37f47df9094__aug01.jpg,320,240,51,e118f38d0c148af7dc18ee8881b065b22ae571edbfdc276a0ff2fd6d9537a3da
391d2e06a9f38edfe0fdfd4a,391d2e06a9f38edfe0fdfd4a,test,unhealthy,field_garden,mint,Mint rust,field:inat:401844013,0,none,images/test/unhealthy/391d2e06a9f38edfe0fdfd4a.jpg,320,240,80,1d6c023a0242450835f970e9e8b6b5ad1de1edf906384cc4b7ebbd1a2abcb96f
c0c13686b37f245d382922f4,c0c13686b37f245d382922f4,train,unhealthy,field_garden,mint,Mint rust,field:inat:401813850,0,none,images/train/unhealthy/c0c13686b37f245d382922f4.jpg,320,240,80,1bd774a7faa53b30413bfb4dd4db785832dafbedaa204e9e22d4c2a5b6b79dde
c0c13686b37f245d382922f4__aug01,c0c13686b37f245d382922f4,train,unhealthy,field_garden,mint,Mint rust,field:inat:401813850,1,"{""horizontal_flip"":false,""zoom"":1.0074,""rotation_degrees"":-4.215,""brightness"":1.0691,""contrast"":1.1223,""saturation"":1.0065,""blur_radius"":0.0,""noise_sigma"":2.444,""noise_seed"":3401860966,""jpeg_quality"":70}",images/train/unhealthy/c0c13686b37f245d382922f4__aug01.jpg,320,240,70,ef21d95b7524053f8101e5cec2c693c779e5b13d3d09eaedeb0fe92683c6613d
5ac2c93e7af22ae18be8694d,5ac2c93e7af22ae18be8694d,train,unhealthy,field_garden,holy_basil_tulsi,Downy mildew,field:inat:237226121,0,none,images/train/unhealthy/5ac2c93e7af22ae18be8694d.jpg,320,240,80,18b1f63db5427978a6f0e9e208e56a68dbddc8c2cf268b99905258faaa53b279
5ac2c93e7af22ae18be8694d__aug01,5ac2c93e7af22ae18be8694d,train,unhealthy,field_garden,holy_basil_tulsi,Downy mildew,field:inat:237226121,1,"{""horizontal_flip"":true,""zoom"":1.1046,""rotation_degrees"":-5.703,""brightness"":0.7838,""contrast"":0.9814,""saturation"":0.8206,""blur_radius"":0.544,""noise_sigma"":3.148,""noise_seed"":1754773890,""jpeg_quality"":70}",images/train/unhealthy/5ac2c93e7af22ae18be8694d__aug01.jpg,320,240,70,78e03edf12e3c8a27f5dc00bd35a176c41fee2bd616ecb777b052c1b35915dd1
2b8569b73cdd66bab0fc086d,2b8569b73cdd66bab0fc086d,test,unhealthy,field_garden,holy_basil_tulsi,Downy mildew,field:inat:184176084,0,none,images/test/unhealthy/2b8569b73cdd66bab0fc086d.jpg,320,240,80,6037299fdb1c03dbefd0d41270df2f12a4e915377c2d4725e795954f56032b45
0a4368f29fdc09cdbde4bef2,0a4368f29fdc09cdbde4bef2,validation,unhealthy,field_garden,holy_basil_tulsi,Downy mildew,field:inat:184062110,0,none,images/validation/unhealthy/0a4368f29fdc09cdbde4bef2.jpg,320,240,80,d65499f5fa53ddc37a7891f999de89c13adb74881812c0a121e4b114e667dbf6
a5de5d87e5a635d3adeedc42,a5de5d87e5a635d3adeedc42,validation,unhealthy,field_garden,holy_basil_tulsi,Downy mildew,field:inat:160628234,0,none,images/validation/unhealthy/a5de5d87e5a635d3adeedc42.jpg,320,240,80,5ae7249850815bf0cf2d99e369f9f588b2383e5ebeae8e7c63ed1a90a855e603
gu_67b3f55dc196c2ed7bd181a2,gu_67b3f55dc196c2ed7bd181a2,test,unhealthy,generic_commons,generic_unhealthy,dry_or_dead,generic:67b3f55dc196c2ed7bd181a2,0,none,images/test/unhealthy/gu_67b3f55dc196c2ed7bd181a2.jpg,320,240,80,455b5adb5999eb45cf7377007fdb2ea1e6e160d71b148b92af652d9f27732346
gu_1a2efa49c2f85ea44c776881,gu_1a2efa49c2f85ea44c776881,validation,unhealthy,generic_commons,generic_unhealthy,dry_or_dead,generic:1a2efa49c2f85ea44c776881,0,none,images/validation/unhealthy/gu_1a2efa49c2f85ea44c776881.jpg,320,240,80,e7a8628873879ca515cb7761752e5171f114129669095d5ad435bb7ea6322f5d
gu_d08c7c0dbf6197b7dc3083c6,gu_d08c7c0dbf6197b7dc3083c6,test,unhealthy,generic_commons,generic_unhealthy,dry_or_dead,generic:d08c7c0dbf6197b7dc3083c6,0,none,images/test/unhealthy/gu_d08c7c0dbf6197b7dc3083c6.jpg,320,240,80,b97ffa3b88a6cd20e3986844cab845ec14f7f9ed399003ad4f9fa0f5a720a7b6
gu_f4c70349bb2834150ceae495,gu_f4c70349bb2834150ceae495,train,unhealthy,generic_commons,generic_unhealthy,dry_or_dead,generic:f4c70349bb2834150ceae495,0,none,images/train/unhealthy/gu_f4c70349bb2834150ceae495.jpg,320,240,80,eb68ddd0a45255b894b97de9b6d65b5666c3320f1aed793dad32ce8029f325f6
gu_f4c70349bb2834150ceae495__aug01,gu_f4c70349bb2834150ceae495,train,unhealthy,generic_commons,generic_unhealthy,dry_or_dead,generic:f4c70349bb2834150ceae495,1,"{""horizontal_flip"":true,""zoom"":1.0794,""rotation_degrees"":-5.504,""brightness"":0.8984,""contrast"":0.8658,""saturation"":0.9017,""blur_radius"":0.696,""noise_sigma"":2.832,""noise_seed"":2655861410,""jpeg_quality"":58}",images/train/unhealthy/gu_f4c70349bb2834150ceae495__aug01.jpg,320,240,58,6b853ea3ef1916284277b989751c2e9bf78f7591c746744c399381865e53f1dc
gu_f608fa02f06364570bb343cb,gu_f608fa02f06364570bb343cb,train,unhealthy,generic_commons,generic_unhealthy,dry_or_dead,generic:f608fa02f06364570bb343cb,0,none,images/train/unhealthy/gu_f608fa02f06364570bb343cb.jpg,320,240,80,5d12604a3ecae1a856f5948c472580f1208d43d26c96b9c3752cd08a7f59e982
gu_f608fa02f06364570bb343cb__aug01,gu_f608fa02f06364570bb343cb,train,unhealthy,generic_commons,generic_unhealthy,dry_or_dead,generic:f608fa02f06364570bb343cb,1,"{""horizontal_flip"":true,""zoom"":1.1007,""rotation_degrees"":3.742,""brightness"":0.877,""contrast"":1.05,""saturation"":0.8827,""blur_radius"":0.383,""noise_sigma"":5.743,""noise_seed"":754380875,""jpeg_quality"":56}",images/train/unhealthy/gu_f608fa02f06364570bb343cb__aug01.jpg,320,240,56,f0add5e1d015127e8d420c66c24b65285eadd26b73b8103e385fb96032af433b
gu_0dfd58aba184e3ef36ac8c2f,gu_0dfd58aba184e3ef36ac8c2f,validation,unhealthy,generic_commons,generic_unhealthy,dry_or_dead,generic:0dfd58aba184e3ef36ac8c2f,0,none,images/validation/unhealthy/gu_0dfd58aba184e3ef36ac8c2f.jpg,320,240,80,de355dc5bccf545d7bf597a00d4a12698f283370c0b5c4a70d2b828c2b114c6a
gu_84ebbcb881c0a370bd1725c3,gu_84ebbcb881c0a370bd1725c3,train,unhealthy,generic_commons,generic_unhealthy,dry_or_dead,generic:beta_drought_series,0,none,images/train/unhealthy/gu_84ebbcb881c0a370bd1725c3.jpg,320,240,80,a67f0aaef1349fe4e566dcd24b9a85b57afacc4fc5111515c706d40532191bbd
gu_84ebbcb881c0a370bd1725c3__aug01,gu_84ebbcb881c0a370bd1725c3,train,unhealthy,generic_commons,generic_unhealthy,dry_or_dead,generic:beta_drought_series,1,"{""horizontal_flip"":false,""zoom"":1.0499,""rotation_degrees"":-0.266,""brightness"":0.9769,""contrast"":1.0704,""saturation"":0.8977,""blur_radius"":0.428,""noise_sigma"":5.1,""noise_seed"":7191294,""jpeg_quality"":55}",images/train/unhealthy/gu_84ebbcb881c0a370bd1725c3__aug01.jpg,320,240,55,64b6809a83e77fb9b495022ef6ce836a01e069fd01f73bf5ba52eac70de501d4
gu_dfb5bb68b495474d057fb14b,gu_dfb5bb68b495474d057fb14b,train,unhealthy,generic_commons,generic_unhealthy,dry_or_dead,generic:beta_drought_series,0,none,images/train/unhealthy/gu_dfb5bb68b495474d057fb14b.jpg,320,240,80,4b9f8daecb47b978e94b603884a3f30fc89dd118e19770b4a7ff26f0e672722c
gu_dfb5bb68b495474d057fb14b__aug01,gu_dfb5bb68b495474d057fb14b,train,unhealthy,generic_commons,generic_unhealthy,dry_or_dead,generic:beta_drought_series,1,"{""horizontal_flip"":false,""zoom"":1.1089,""rotation_degrees"":5.303,""brightness"":1.0748,""contrast"":1.105,""saturation"":0.799,""blur_radius"":0.0,""noise_sigma"":2.526,""noise_seed"":3128892823,""jpeg_quality"":69}",images/train/unhealthy/gu_dfb5bb68b495474d057fb14b__aug01.jpg,320,240,69,8988ab63ff6af935220b78ffef26f09f7bbd9ebdbbd5cc17956ab0d81cb9582b
gu_ae5c0a97e4e41c098682352f,gu_ae5c0a97e4e41c098682352f,train,unhealthy,generic_commons,generic_unhealthy,yellow_or_chlorotic,generic:ae5c0a97e4e41c098682352f,0,none,images/train/unhealthy/gu_ae5c0a97e4e41c098682352f.jpg,320,240,80,be467b17a69a3ede27e2413881bf783ed9fa5fd9ef6e32dfaf77743b85e6c90f
gu_ae5c0a97e4e41c098682352f__aug01,gu_ae5c0a97e4e41c098682352f,train,unhealthy,generic_commons,generic_unhealthy,yellow_or_chlorotic,generic:ae5c0a97e4e41c098682352f,1,"{""horizontal_flip"":true,""zoom"":1.0752,""rotation_degrees"":-0.217,""brightness"":0.8815,""contrast"":1.1526,""saturation"":0.9414,""blur_radius"":0.0,""noise_sigma"":2.854,""noise_seed"":2473537533,""jpeg_quality"":58}",images/train/unhealthy/gu_ae5c0a97e4e41c098682352f__aug01.jpg,320,240,58,83d4a980cd665c4a680d185170c78713a3f717391e54d16ac630890ebfeb9d25
gu_1e1909480b442c271eefa525,gu_1e1909480b442c271eefa525,train,unhealthy,generic_commons,generic_unhealthy,yellow_or_chlorotic,generic:1e1909480b442c271eefa525,0,none,images/train/unhealthy/gu_1e1909480b442c271eefa525.jpg,320,240,80,ca5509d0d685b6ebe2000b33c99be5116da53a9592de32a12dc5f59395ae19ab
gu_1e1909480b442c271eefa525__aug01,gu_1e1909480b442c271eefa525,train,unhealthy,generic_commons,generic_unhealthy,yellow_or_chlorotic,generic:1e1909480b442c271eefa525,1,"{""horizontal_flip"":true,""zoom"":1.1159,""rotation_degrees"":1.411,""brightness"":1.0162,""contrast"":0.854,""saturation"":0.9172,""blur_radius"":0.0,""noise_sigma"":3.783,""noise_seed"":1404711129,""jpeg_quality"":66}",images/train/unhealthy/gu_1e1909480b442c271eefa525__aug01.jpg,320,240,66,8719ee8abf52d7377392c08c70d0dd5cc45337e370fdde7d3fbd791c4674ce16
gu_619f5a7bc6c2dacd4a4983e5,gu_619f5a7bc6c2dacd4a4983e5,train,unhealthy,generic_commons,generic_unhealthy,yellow_or_chlorotic,generic:chlorosis_selvapuram_series,0,none,images/train/unhealthy/gu_619f5a7bc6c2dacd4a4983e5.jpg,320,240,80,8a56422d943e3a88a8220697f856451aafe078a530454b4a12951e1794e7d3c7
gu_619f5a7bc6c2dacd4a4983e5__aug01,gu_619f5a7bc6c2dacd4a4983e5,train,unhealthy,generic_commons,generic_unhealthy,yellow_or_chlorotic,generic:chlorosis_selvapuram_series,1,"{""horizontal_flip"":false,""zoom"":1.0729,""rotation_degrees"":5.752,""brightness"":1.0867,""contrast"":0.9006,""saturation"":1.0692,""blur_radius"":0.0,""noise_sigma"":5.401,""noise_seed"":1872412027,""jpeg_quality"":52}",images/train/unhealthy/gu_619f5a7bc6c2dacd4a4983e5__aug01.jpg,320,240,52,ceaf98cb7add130233aa5063d61cef4425580b906774f92b2bd26772691d4116
gu_5e1ec5ac32bf3c96d8c5ef30,gu_5e1ec5ac32bf3c96d8c5ef30,train,unhealthy,generic_commons,generic_unhealthy,yellow_or_chlorotic,generic:chlorosis_selvapuram_series,0,none,images/train/unhealthy/gu_5e1ec5ac32bf3c96d8c5ef30.jpg,320,240,80,ec8e499adfb4fefb1bd30e891a3cd609f7ab6545a5ae94f032d392b542fd720f
gu_5e1ec5ac32bf3c96d8c5ef30__aug01,gu_5e1ec5ac32bf3c96d8c5ef30,train,unhealthy,generic_commons,generic_unhealthy,yellow_or_chlorotic,generic:chlorosis_selvapuram_series,1,"{""horizontal_flip"":true,""zoom"":1.0889,""rotation_degrees"":5.578,""brightness"":0.9548,""contrast"":0.9719,""saturation"":0.9409,""blur_radius"":0.0,""noise_sigma"":4.312,""noise_seed"":1541008650,""jpeg_quality"":60}",images/train/unhealthy/gu_5e1ec5ac32bf3c96d8c5ef30__aug01.jpg,320,240,60,5170b4e250d2657d78db098c7d714dac045cdeb9f06093f6018f6af33ce7f23b
gu_df04a6b40bd125da58177eec,gu_df04a6b40bd125da58177eec,train,unhealthy,generic_commons,generic_unhealthy,yellow_or_chlorotic,generic:chlorosis_selvapuram_series,0,none,images/train/unhealthy/gu_df04a6b40bd125da58177eec.jpg,320,240,80,3c4f1830c57bc196fa463cbf19fdf67d6be548a582a0e79ffd27d0725f08073a
gu_df04a6b40bd125da58177eec__aug01,gu_df04a6b40bd125da58177eec,train,unhealthy,generic_commons,generic_unhealthy,yellow_or_chlorotic,generic:chlorosis_selvapuram_series,1,"{""horizontal_flip"":false,""zoom"":1.0849,""rotation_degrees"":6.389,""brightness"":1.0789,""contrast"":0.9848,""saturation"":0.9306,""blur_radius"":0.0,""noise_sigma"":3.135,""noise_seed"":3925335053,""jpeg_quality"":70}",images/train/unhealthy/gu_df04a6b40bd125da58177eec__aug01.jpg,320,240,70,6d01ea7e4bd2b8165421e5f5e486817d1e1205807431f3497c9b43f4689b0ceb
gu_5d2d7154f88d428c5a8fa8b8,gu_5d2d7154f88d428c5a8fa8b8,validation,unhealthy,generic_commons,generic_unhealthy,yellow_or_chlorotic,generic:5d2d7154f88d428c5a8fa8b8,0,none,images/validation/unhealthy/gu_5d2d7154f88d428c5a8fa8b8.jpg,320,240,80,6ca6ad9e126096a4d4daed54ef6060bfbbc9791c2ea0e5105c218ec44ee671f7
gu_af1f4abe9b59e4ad55a6776f,gu_af1f4abe9b59e4ad55a6776f,test,unhealthy,generic_commons,generic_unhealthy,yellow_or_chlorotic,generic:af1f4abe9b59e4ad55a6776f,0,none,images/test/unhealthy/gu_af1f4abe9b59e4ad55a6776f.jpg,320,240,80,bf71df3e008583a09837756f29e9c8d25c889f6854be4a379d512e73e95f8fb4
gu_077da646e138cc31000968ed,gu_077da646e138cc31000968ed,validation,unhealthy,generic_commons,generic_unhealthy,yellow_or_chlorotic,generic:077da646e138cc31000968ed,0,none,images/validation/unhealthy/gu_077da646e138cc31000968ed.jpg,320,240,80,4fef62c110269ac7739b4273b70ef0abfa961281b6792a339920e4217af01785
gu_58e1418b7c01294b6c97d89d,gu_58e1418b7c01294b6c97d89d,test,unhealthy,generic_commons,generic_unhealthy,yellow_or_chlorotic,generic:58e1418b7c01294b6c97d89d,0,none,images/test/unhealthy/gu_58e1418b7c01294b6c97d89d.jpg,320,240,80,92b4978c710380915330f8d70d73c6376c8505cf781ab7790ab35b847f0451e6
gu_7bf8d3fb3f92a4d2a2d5e26f,gu_7bf8d3fb3f92a4d2a2d5e26f,train,unhealthy,generic_commons,generic_unhealthy,leaf_damage,generic:7bf8d3fb3f92a4d2a2d5e26f,0,none,images/train/unhealthy/gu_7bf8d3fb3f92a4d2a2d5e26f.jpg,320,240,80,1707c7dfa89a0a58ea86a6f4fca1e49a400a5d3aa6da2a9050b3450aa242e263
gu_7bf8d3fb3f92a4d2a2d5e26f__aug01,gu_7bf8d3fb3f92a4d2a2d5e26f,train,unhealthy,generic_commons,generic_unhealthy,leaf_damage,generic:7bf8d3fb3f92a4d2a2d5e26f,1,"{""horizontal_flip"":true,""zoom"":1.1045,""rotation_degrees"":-1.389,""brightness"":0.7883,""contrast"":1.1248,""saturation"":0.9165,""blur_radius"":0.0,""noise_sigma"":3.108,""noise_seed"":168825248,""jpeg_quality"":52}",images/train/unhealthy/gu_7bf8d3fb3f92a4d2a2d5e26f__aug01.jpg,320,240,52,997d18137c2c890939aa9d4fd6df4dfecd1aae11e62a431a6847b740a7961830
gu_9789d8d1d273d2f214ba066a,gu_9789d8d1d273d2f214ba066a,train,unhealthy,generic_commons,generic_unhealthy,leaf_damage,generic:9789d8d1d273d2f214ba066a,0,none,images/train/unhealthy/gu_9789d8d1d273d2f214ba066a.jpg,320,240,80,34bdd72a3b9ab6ddf7af1e606b56b2c082f1b9f77e0e832a7d92066e0b93b07c
gu_9789d8d1d273d2f214ba066a__aug01,gu_9789d8d1d273d2f214ba066a,train,unhealthy,generic_commons,generic_unhealthy,leaf_damage,generic:9789d8d1d273d2f214ba066a,1,"{""horizontal_flip"":false,""zoom"":1.0077,""rotation_degrees"":1.316,""brightness"":0.8466,""contrast"":1.1109,""saturation"":1.0319,""blur_radius"":0.0,""noise_sigma"":4.069,""noise_seed"":4032737732,""jpeg_quality"":67}",images/train/unhealthy/gu_9789d8d1d273d2f214ba066a__aug01.jpg,320,240,67,9302b5382ea290fbcfa7536990fe6bf157b1ae5a51205bdaae70a0475bfdd7bd
gu_f63f2d3de9a6956d2b7c3e56,gu_f63f2d3de9a6956d2b7c3e56,validation,unhealthy,generic_commons,generic_unhealthy,leaf_damage,generic:f63f2d3de9a6956d2b7c3e56,0,none,images/validation/unhealthy/gu_f63f2d3de9a6956d2b7c3e56.jpg,320,240,80,a6caa03983258bc7d55ecf5e9d41d7249fb41920d530a3b4be826ff7ead49147
gu_b27282d8b2f8cf6a29bf2621,gu_b27282d8b2f8cf6a29bf2621,test,unhealthy,generic_commons,generic_unhealthy,leaf_damage,generic:b27282d8b2f8cf6a29bf2621,0,none,images/test/unhealthy/gu_b27282d8b2f8cf6a29bf2621.jpg,320,240,80,46c30dc2bbf844fd0f60fce7d9e41e4d74536a649994001be20938bc14b4518f
gu_db1addc00cdebea905202822,gu_db1addc00cdebea905202822,train,unhealthy,generic_commons,generic_unhealthy,leaf_damage,generic:db1addc00cdebea905202822,0,none,images/train/unhealthy/gu_db1addc00cdebea905202822.jpg,320,240,80,11bd65e3567c5e45062442c50d69321ad67bd2fe5d258fc0ba865d6fb1ac56c9
gu_db1addc00cdebea905202822__aug01,gu_db1addc00cdebea905202822,train,unhealthy,generic_commons,generic_unhealthy,leaf_damage,generic:db1addc00cdebea905202822,1,"{""horizontal_flip"":false,""zoom"":1.0606,""rotation_degrees"":-5.13,""brightness"":0.9311,""contrast"":0.8397,""saturation"":0.7948,""blur_radius"":0.0,""noise_sigma"":3.151,""noise_seed"":656484521,""jpeg_quality"":53}",images/train/unhealthy/gu_db1addc00cdebea905202822__aug01.jpg,320,240,53,9e6e0f1e6355f26461e4931fd2bf2b0557807085a1bffc3093de6ef542ada6fe
gu_2a438ab04d849cc4fd6858e3,gu_2a438ab04d849cc4fd6858e3,test,unhealthy,generic_commons,generic_unhealthy,wilted,generic:2a438ab04d849cc4fd6858e3,0,none,images/test/unhealthy/gu_2a438ab04d849cc4fd6858e3.jpg,320,240,80,fd6c25603ba3d338f6503e2bbd283d29cf2bac92f3ac8de5d2d61fed1fdd43c9
gu_2423bbc94eebbb4f61eb28ac,gu_2423bbc94eebbb4f61eb28ac,train,unhealthy,generic_commons,generic_unhealthy,wilted,generic:2423bbc94eebbb4f61eb28ac,0,none,images/train/unhealthy/gu_2423bbc94eebbb4f61eb28ac.jpg,320,240,80,2ac4e4c63f89dd1a39569eb78cab0cdddf7cc52c94c56979a35707003d403e4f
gu_2423bbc94eebbb4f61eb28ac__aug01,gu_2423bbc94eebbb4f61eb28ac,train,unhealthy,generic_commons,generic_unhealthy,wilted,generic:2423bbc94eebbb4f61eb28ac,1,"{""horizontal_flip"":false,""zoom"":1.0246,""rotation_degrees"":6.971,""brightness"":0.808,""contrast"":1.0011,""saturation"":0.9246,""blur_radius"":0.0,""noise_sigma"":3.469,""noise_seed"":60874514,""jpeg_quality"":64}",images/train/unhealthy/gu_2423bbc94eebbb4f61eb28ac__aug01.jpg,320,240,64,7e407f347338e94098b4d4f63297e77ce7500867ffa7e11493521625ca4937d6
gu_c43a2177344770ab300dffa8,gu_c43a2177344770ab300dffa8,validation,unhealthy,generic_commons,generic_unhealthy,wilted,generic:c43a2177344770ab300dffa8,0,none,images/validation/unhealthy/gu_c43a2177344770ab300dffa8.jpg,320,240,80,6bf307e21e587f2b0dbfa1f307ac82898684314a33b103e9ec8ac1f2fd4b5d1a
gu_fe30d12eea29c21fd7d061fe,gu_fe30d12eea29c21fd7d061fe,train,unhealthy,generic_commons,generic_unhealthy,wilted,generic:fe30d12eea29c21fd7d061fe,0,none,images/train/unhealthy/gu_fe30d12eea29c21fd7d061fe.jpg,320,240,80,5427ac5da582f82a0bad026b942816d19d3443b01fc46c40b42c0fe2feb4a04f
gu_fe30d12eea29c21fd7d061fe__aug01,gu_fe30d12eea29c21fd7d061fe,train,unhealthy,generic_commons,generic_unhealthy,wilted,generic:fe30d12eea29c21fd7d061fe,1,"{""horizontal_flip"":false,""zoom"":1.0112,""rotation_degrees"":-1.675,""brightness"":0.783,""contrast"":0.828,""saturation"":0.951,""blur_radius"":0.426,""noise_sigma"":4.775,""noise_seed"":589183540,""jpeg_quality"":70}",images/train/unhealthy/gu_fe30d12eea29c21fd7d061fe__aug01.jpg,320,240,70,787a7e30173344a13df6a8d2060e68baf4b6524d2f5ca538d1ce2219edf6cb42
pv_caa0f6a3c78bfb75dd39,pv_caa0f6a3c78bfb75dd39,test,healthy,plantvillage,Apple___healthy,healthy,"pv:['Soybean___healthy:::366.0', 'Apple___healthy:::28.0']",0,none,images/test/healthy/pv_caa0f6a3c78bfb75dd39.jpg,320,240,80,27bbae9742e04ddf24c9dd5623d587ddf860d384f3379d33c441a54507c41a2f
pv_7e0d1d9a5f2fd7357f8d,pv_7e0d1d9a5f2fd7357f8d,validation,healthy,plantvillage,Apple___healthy,healthy,"pv:['Soybean___healthy:::503.0', 'Apple___healthy:::160.0']",0,none,images/validation/healthy/pv_7e0d1d9a5f2fd7357f8d.jpg,320,240,80,9d599db0d047b0afe242f0630c17c9e06757ca8f1a5d510b1fc4c8822cfb35b5
pv_e35a475a695c29ee2407,pv_e35a475a695c29ee2407,train,healthy,plantvillage,Apple___healthy,healthy,"pv:['Soybean___healthy:::499.0', 'Apple___healthy:::154.0']",0,none,images/train/healthy/pv_e35a475a695c29ee2407.jpg,320,240,80,7e9e8649f75149d9fae4df39bf0b2e4f43d4237699ab86239d3b72f62c71f7d1
pv_e35a475a695c29ee2407__aug01,pv_e35a475a695c29ee2407,train,healthy,plantvillage,Apple___healthy,healthy,"pv:['Soybean___healthy:::499.0', 'Apple___healthy:::154.0']",1,"{""horizontal_flip"":true,""zoom"":1.0893,""rotation_degrees"":5.099,""brightness"":1.0482,""contrast"":1.1012,""saturation"":1.1463,""blur_radius"":0.0,""noise_sigma"":2.886,""noise_seed"":1295403701,""jpeg_quality"":55}",images/train/healthy/pv_e35a475a695c29ee2407__aug01.jpg,320,240,55,1ba674340184f4bb016355fa1d946eb5274b55a1f91818256742c64793460170
pv_13be20777d65c98af1a0,pv_13be20777d65c98af1a0,train,healthy,plantvillage,Apple___healthy,healthy,pv:['Apple___healthy:::228.0'],0,none,images/train/healthy/pv_13be20777d65c98af1a0.jpg,320,240,80,f68ed261ee4e6d9b7c4f8c291bf5ca7ec3d87ac78bae2c28a74e0d41cc4afb06
pv_13be20777d65c98af1a0__aug01,pv_13be20777d65c98af1a0,train,healthy,plantvillage,Apple___healthy,healthy,pv:['Apple___healthy:::228.0'],1,"{""horizontal_flip"":false,""zoom"":1.0261,""rotation_degrees"":3.236,""brightness"":0.8254,""contrast"":0.8611,""saturation"":1.0916,""blur_radius"":0.0,""noise_sigma"":5.91,""noise_seed"":3005365972,""jpeg_quality"":72}",images/train/healthy/pv_13be20777d65c98af1a0__aug01.jpg,320,240,72,4c56ee63bf06424f68b3b315e14851671c805bc481995217e4bfe16d724dcdba
pv_df0a9bbd39d57b88a5b6,pv_df0a9bbd39d57b88a5b6,train,healthy,plantvillage,Blueberry___healthy,healthy,"pv:['Blueberry___healthy:::26.0', 'Tomato___healthy:::127.0']",0,none,images/train/healthy/pv_df0a9bbd39d57b88a5b6.jpg,320,240,80,c0529c7d544985c59d7de857a07721f76868d583b941eb7c8bdaa71739d76533
pv_df0a9bbd39d57b88a5b6__aug01,pv_df0a9bbd39d57b88a5b6,train,healthy,plantvillage,Blueberry___healthy,healthy,"pv:['Blueberry___healthy:::26.0', 'Tomato___healthy:::127.0']",1,"{""horizontal_flip"":true,""zoom"":1.0689,""rotation_degrees"":-0.825,""brightness"":1.0053,""contrast"":0.8965,""saturation"":1.0871,""blur_radius"":0.0,""noise_sigma"":3.316,""noise_seed"":3181195014,""jpeg_quality"":65}",images/train/healthy/pv_df0a9bbd39d57b88a5b6__aug01.jpg,320,240,65,1a9eacd18dbc3ce02ee09d66a3581468d827d8bfeeb1b029744d92d75df1f3c7
pv_7bee13090b32add44e7c,pv_7bee13090b32add44e7c,train,healthy,plantvillage,Blueberry___healthy,healthy,"pv:['Blueberry___healthy:::115.0', 'Soybean___healthy:::245.0']",0,none,images/train/healthy/pv_7bee13090b32add44e7c.jpg,320,240,80,52a26b2166feb8f3131382b2f45213919fb80d0b1d264b221c6f6c3ec71e5d8b
pv_7bee13090b32add44e7c__aug01,pv_7bee13090b32add44e7c,train,healthy,plantvillage,Blueberry___healthy,healthy,"pv:['Blueberry___healthy:::115.0', 'Soybean___healthy:::245.0']",1,"{""horizontal_flip"":true,""zoom"":1.0029,""rotation_degrees"":0.008,""brightness"":1.1087,""contrast"":0.9366,""saturation"":0.803,""blur_radius"":0.0,""noise_sigma"":3.825,""noise_seed"":1158776249,""jpeg_quality"":71}",images/train/healthy/pv_7bee13090b32add44e7c__aug01.jpg,320,240,71,7b7832c0a0eeea8177a14a26f884c2c4b2f3614a5096738dcf779d13540bf9d5
pv_9ae50b067413fedfa256,pv_9ae50b067413fedfa256,validation,healthy,plantvillage,Blueberry___healthy,healthy,"pv:['Blueberry___healthy:::136.0', 'Soybean___healthy:::271.0']",0,none,images/validation/healthy/pv_9ae50b067413fedfa256.jpg,320,240,80,94386ffb684e55e4dbd7775682929d16e760789b2dd9600ba3d44fd6dd1c163f
pv_00bf99e45780e93ce107,pv_00bf99e45780e93ce107,test,healthy,plantvillage,Blueberry___healthy,healthy,pv:['Blueberry___healthy:::75.0'],0,none,images/test/healthy/pv_00bf99e45780e93ce107.jpg,320,240,80,b67ba56d54f6bca7b4f7e19b3235eebbcf70826ea6e053fbee4a5fc7a42273b1
pv_8b494853bd0f1965893e,pv_8b494853bd0f1965893e,train,healthy,plantvillage,Cherry_(including_sour)___healthy,healthy,pv:['Cherry_(including_sour)___healthy:::71.0'],0,none,images/train/healthy/pv_8b494853bd0f1965893e.jpg,320,240,80,14386675d9a168614ec95d3c562f97ee6d00c1604d9234645120c940df3b3136
pv_8b494853bd0f1965893e__aug01,pv_8b494853bd0f1965893e,train,healthy,plantvillage,Cherry_(including_sour)___healthy,healthy,pv:['Cherry_(including_sour)___healthy:::71.0'],1,"{""horizontal_flip"":false,""zoom"":1.0365,""rotation_degrees"":-4.024,""brightness"":0.844,""contrast"":1.0576,""saturation"":0.9573,""blur_radius"":0.0,""noise_sigma"":3.692,""noise_seed"":1357804987,""jpeg_quality"":48}",images/train/healthy/pv_8b494853bd0f1965893e__aug01.jpg,320,240,48,a02037fa7add8d7e48740665d11a8b1ca84e6a5e933f64bc9b64262f0a4c0da9
pv_891590445f9a3dfec46e,pv_891590445f9a3dfec46e,validation,healthy,plantvillage,Cherry_(including_sour)___healthy,healthy,pv:['Cherry_(including_sour)___healthy:::45.0'],0,none,images/validation/healthy/pv_891590445f9a3dfec46e.jpg,320,240,80,609acf86dc5d751080390fc9e23ee793aa30a6c8d2a840cebb5f346aa00a67b6
pv_d4db97d5155797a2a7eb,pv_d4db97d5155797a2a7eb,train,healthy,plantvillage,Cherry_(including_sour)___healthy,healthy,pv:['Cherry_(including_sour)___healthy:::14.0'],0,none,images/train/healthy/pv_d4db97d5155797a2a7eb.jpg,320,240,80,fed934ea5deb25d911263a951d9c79f20d0fcbfbb198c327e5895f7fbd98870e
pv_d4db97d5155797a2a7eb__aug01,pv_d4db97d5155797a2a7eb,train,healthy,plantvillage,Cherry_(including_sour)___healthy,healthy,pv:['Cherry_(including_sour)___healthy:::14.0'],1,"{""horizontal_flip"":false,""zoom"":1.0593,""rotation_degrees"":5.227,""brightness"":1.1143,""contrast"":1.0961,""saturation"":1.1302,""blur_radius"":0.0,""noise_sigma"":4.626,""noise_seed"":1335926756,""jpeg_quality"":54}",images/train/healthy/pv_d4db97d5155797a2a7eb__aug01.jpg,320,240,54,b86acdb763db475d401055eaf4d9258d095fee2e175651910a340d75dced82ca
pv_b091b2ed8e9331fea60d,pv_b091b2ed8e9331fea60d,test,healthy,plantvillage,Cherry_(including_sour)___healthy,healthy,pv:['Cherry_(including_sour)___healthy:::8.0'],0,none,images/test/healthy/pv_b091b2ed8e9331fea60d.jpg,320,240,80,73890e60f17b52551670de9d90e871df3007e7e35a74df2c18cf235239b3b5fd
pv_5d5e88a5e4124d3586d3,pv_5d5e88a5e4124d3586d3,test,healthy,plantvillage,Corn_(maize)___healthy,healthy,pv:Corn_(maize)___healthy:a5a5c12f-ed24-4ed0-9b27-fc582210b907,0,none,images/test/healthy/pv_5d5e88a5e4124d3586d3.jpg,320,240,80,095b811516f25eaa31309947533bd735ee3b3b977e818b9d80ec267b3b0fdf80
pv_264253fbad98db9db6e1,pv_264253fbad98db9db6e1,validation,healthy,plantvillage,Corn_(maize)___healthy,healthy,pv:Corn_(maize)___healthy:d552ad85-4b43-430b-97fc-eaeddbaa78f6,0,none,images/validation/healthy/pv_264253fbad98db9db6e1.jpg,320,240,80,985478b95826792901df59f9cf98caa9cd4c2bd282f9ca7cab195ae29a9dbbb7
pv_d98361416cf2b650f43a,pv_d98361416cf2b650f43a,train,healthy,plantvillage,Corn_(maize)___healthy,healthy,pv:Corn_(maize)___healthy:b31834af-a313-45a2-82ff-b6d6ecc2d853,0,none,images/train/healthy/pv_d98361416cf2b650f43a.jpg,320,240,80,0e0f97c21de8cdd1aebaa361c6fad36f0931ebe47ccc091b34ec44a184f0360f
pv_d98361416cf2b650f43a__aug01,pv_d98361416cf2b650f43a,train,healthy,plantvillage,Corn_(maize)___healthy,healthy,pv:Corn_(maize)___healthy:b31834af-a313-45a2-82ff-b6d6ecc2d853,1,"{""horizontal_flip"":false,""zoom"":1.0352,""rotation_degrees"":-5.436,""brightness"":0.8703,""contrast"":0.8216,""saturation"":1.1319,""blur_radius"":0.0,""noise_sigma"":5.57,""noise_seed"":1979644314,""jpeg_quality"":67}",images/train/healthy/pv_d98361416cf2b650f43a__aug01.jpg,320,240,67,0640e04528d8e947cc22c3973fa8ffa00a9310edefd5b2fc5b4701a335f0644f
pv_de8facc4772371e2484d,pv_de8facc4772371e2484d,train,healthy,plantvillage,Corn_(maize)___healthy,healthy,pv:Corn_(maize)___healthy:1693cd6c-a0ce-4956-bef9-4d64d7c86814,0,none,images/train/healthy/pv_de8facc4772371e2484d.jpg,320,240,80,56e58e6cef9bef795593369d2845b45886588fd01db9747aec387e83a943c549
pv_de8facc4772371e2484d__aug01,pv_de8facc4772371e2484d,train,healthy,plantvillage,Corn_(maize)___healthy,healthy,pv:Corn_(maize)___healthy:1693cd6c-a0ce-4956-bef9-4d64d7c86814,1,"{""horizontal_flip"":false,""zoom"":1.1179,""rotation_degrees"":-0.037,""brightness"":0.791,""contrast"":0.8858,""saturation"":0.892,""blur_radius"":0.0,""noise_sigma"":5.914,""noise_seed"":731477182,""jpeg_quality"":56}",images/train/healthy/pv_de8facc4772371e2484d__aug01.jpg,320,240,56,983b8c1a60eeb497aa4789166e569984b13044995394555aee1d09f2404a43a9
pv_a6904e0754a328e3c45b,pv_a6904e0754a328e3c45b,train,healthy,plantvillage,Grape___healthy,healthy,pv:Grape___healthy:f8f6d1ee-deb5-4b3c-a92e-2583e2d6d590,0,none,images/train/healthy/pv_a6904e0754a328e3c45b.jpg,320,240,80,dc4a194e184e485f051b0290a922d1854ffb388d6127084988ba3e340f6cf538
pv_a6904e0754a328e3c45b__aug01,pv_a6904e0754a328e3c45b,train,healthy,plantvillage,Grape___healthy,healthy,pv:Grape___healthy:f8f6d1ee-deb5-4b3c-a92e-2583e2d6d590,1,"{""horizontal_flip"":false,""zoom"":1.0693,""rotation_degrees"":5.633,""brightness"":0.9984,""contrast"":1.1188,""saturation"":1.1689,""blur_radius"":0.0,""noise_sigma"":3.806,""noise_seed"":1099173250,""jpeg_quality"":72}",images/train/healthy/pv_a6904e0754a328e3c45b__aug01.jpg,320,240,72,a3aa99d79fddd2ca14be2e70ad5bad7967e4ac887e8309acd79245742d248e92
pv_60080061069995ba96eb,pv_60080061069995ba96eb,validation,healthy,plantvillage,Grape___healthy,healthy,pv:Grape___healthy:848ddcdf-864a-40a3-9713-b0bb2999b410,0,none,images/validation/healthy/pv_60080061069995ba96eb.jpg,320,240,80,7a8decddc7830dbd3e148df0ef2a86757626383520ac499852c9a95b70798ad3
pv_9a124ca3cced02aa9834,pv_9a124ca3cced02aa9834,test,healthy,plantvillage,Grape___healthy,healthy,pv:Grape___healthy:d61f8828-71c9-4f3d-85e7-47a33b2fd3fe,0,none,images/test/healthy/pv_9a124ca3cced02aa9834.jpg,320,240,80,9c820f6907796fe8c37e2202813430c8dbc1a44682efa620deb9a2ffbfef42c6
pv_beae402a855b8bf54893,pv_beae402a855b8bf54893,validation,healthy,plantvillage,Peach___healthy,healthy,pv:['Peach___healthy:::19.0'],0,none,images/validation/healthy/pv_beae402a855b8bf54893.jpg,320,240,80,33f9d9b1e7b1ae34a9df05f357f1a6c55adad47f7b38aee400d91acd0a9429c8
pv_55cdff6f26f033a56241,pv_55cdff6f26f033a56241,test,healthy,plantvillage,Peach___healthy,healthy,pv:['Peach___healthy:::57.0'],0,none,images/test/healthy/pv_55cdff6f26f033a56241.jpg,320,240,80,d4d0a1627f769509d6fa4561dd011f24d14aa8db11481d674e9b6f2471a76a0b
pv_e8bf42d99e5b865ea48d,pv_e8bf42d99e5b865ea48d,train,healthy,plantvillage,Peach___healthy,healthy,pv:['Peach___healthy:::20.0'],0,none,images/train/healthy/pv_e8bf42d99e5b865ea48d.jpg,320,240,80,6d7d4625e5b2e915dff12bf15327909fd748b0e9baccb2b69218121828d62adc
pv_e8bf42d99e5b865ea48d__aug01,pv_e8bf42d99e5b865ea48d,train,healthy,plantvillage,Peach___healthy,healthy,pv:['Peach___healthy:::20.0'],1,"{""horizontal_flip"":false,""zoom"":1.049,""rotation_degrees"":-0.336,""brightness"":0.8722,""contrast"":1.0997,""saturation"":0.982,""blur_radius"":0.317,""noise_sigma"":3.018,""noise_seed"":2942650488,""jpeg_quality"":70}",images/train/healthy/pv_e8bf42d99e5b865ea48d__aug01.jpg,320,240,70,9c5b944ce2c6284bf062914dcda4caaf1d1fa6421164281f4080eff1d3f103f4
pv_8c42b7b8c3e8b41b59e3,pv_8c42b7b8c3e8b41b59e3,train,healthy,plantvillage,"Pepper,_bell___healthy",healthy,"pv:['Pepper,_bell___healthy:::101.0']",0,none,images/train/healthy/pv_8c42b7b8c3e8b41b59e3.jpg,320,240,80,8b0999cd8c8b143928ebe2a8f5c3e40a5a363387f1e0b985a121ed1324887c52
pv_8c42b7b8c3e8b41b59e3__aug01,pv_8c42b7b8c3e8b41b59e3,train,healthy,plantvillage,"Pepper,_bell___healthy",healthy,"pv:['Pepper,_bell___healthy:::101.0']",1,"{""horizontal_flip"":true,""zoom"":1.0094,""rotation_degrees"":-4.89,""brightness"":1.0574,""contrast"":1.169,""saturation"":0.979,""blur_radius"":0.715,""noise_sigma"":3.658,""noise_seed"":864783541,""jpeg_quality"":50}",images/train/healthy/pv_8c42b7b8c3e8b41b59e3__aug01.jpg,320,240,50,fdb14a8958c6813d73273bb4a72b43c7b4eec6fded24e269155a843c4fef6b82
pv_97659ecda756f8bf44e5,pv_97659ecda756f8bf44e5,validation,healthy,plantvillage,"Pepper,_bell___healthy",healthy,"pv:['Pepper,_bell___healthy:::136.0']",0,none,images/validation/healthy/pv_97659ecda756f8bf44e5.jpg,320,240,80,c666d69d62a879fd9e74e8da2a77a3afb758834efc65dc9fcd6455b016726ba9
pv_c6b50e7436305d98539c,pv_c6b50e7436305d98539c,test,healthy,plantvillage,"Pepper,_bell___healthy",healthy,"pv:['Pepper,_bell___healthy:::160.0']",0,none,images/test/healthy/pv_c6b50e7436305d98539c.jpg,320,240,80,ab02b40e1fd18985c0f341e5687dfe223a51e3f13d25e9c200bbd8b503f4f566
pv_efd95ba927aef26d13ad,pv_efd95ba927aef26d13ad,validation,healthy,plantvillage,Potato___healthy,healthy,"pv:['Potato___healthy:::26.0', 'Strawberry___healthy:::34.0']",0,none,images/validation/healthy/pv_efd95ba927aef26d13ad.jpg,320,240,80,5d46eb93d646d7ca93e24a8f366982972e8a6215f67703ad3e15663c3a525dda
pv_118063919875596b641a,pv_118063919875596b641a,test,healthy,plantvillage,Potato___healthy,healthy,"pv:['Potato___healthy:::20.0', 'Strawberry___healthy:::29.0']",0,none,images/test/healthy/pv_118063919875596b641a.jpg,320,240,80,3384440333996550012c16e76a9de77cf6ba5f9d2965754871f882816a5d7c35
pv_2f3d9f10f7505b56f0e9,pv_2f3d9f10f7505b56f0e9,train,healthy,plantvillage,Potato___healthy,healthy,"pv:['Potato___healthy:::24.0', 'Strawberry___healthy:::33.0']",0,none,images/train/healthy/pv_2f3d9f10f7505b56f0e9.jpg,320,240,80,8d823b58404de1defc8b36f9788025d28056ebeb11b9329b2853e6786c82fd6e
pv_2f3d9f10f7505b56f0e9__aug01,pv_2f3d9f10f7505b56f0e9,train,healthy,plantvillage,Potato___healthy,healthy,"pv:['Potato___healthy:::24.0', 'Strawberry___healthy:::33.0']",1,"{""horizontal_flip"":false,""zoom"":1.0523,""rotation_degrees"":4.7,""brightness"":1.0855,""contrast"":0.9028,""saturation"":1.1308,""blur_radius"":0.0,""noise_sigma"":5.442,""noise_seed"":4210633350,""jpeg_quality"":62}",images/train/healthy/pv_2f3d9f10f7505b56f0e9__aug01.jpg,320,240,62,66e530ea98776b6626c6670ce7d666dd751a78b8c86c135d42819bf1041803a3
pv_b77f22e3c79909d19d40,pv_b77f22e3c79909d19d40,train,healthy,plantvillage,Raspberry___healthy,healthy,pv:['Raspberry___healthy:::24.0'],0,none,images/train/healthy/pv_b77f22e3c79909d19d40.jpg,320,240,80,d2603cc3939f160f796a9ee0e0524dc90edd8d0488ecaff8a04ac9c7bcae1073
pv_b77f22e3c79909d19d40__aug01,pv_b77f22e3c79909d19d40,train,healthy,plantvillage,Raspberry___healthy,healthy,pv:['Raspberry___healthy:::24.0'],1,"{""horizontal_flip"":true,""zoom"":1.0209,""rotation_degrees"":-0.047,""brightness"":1.1056,""contrast"":0.8932,""saturation"":0.8882,""blur_radius"":0.0,""noise_sigma"":5.679,""noise_seed"":841214340,""jpeg_quality"":68}",images/train/healthy/pv_b77f22e3c79909d19d40__aug01.jpg,320,240,68,abcb63870082992ba0bad2f3bd5a1c42ee8d62ba792e9af860942530b529dcf7
pv_4987a1a33b7dfec6405d,pv_4987a1a33b7dfec6405d,validation,healthy,plantvillage,Raspberry___healthy,healthy,pv:['Raspberry___healthy:::33.0'],0,none,images/validation/healthy/pv_4987a1a33b7dfec6405d.jpg,320,240,80,5ce3e43922062415e46ae5d972df9b74a3abd4a3ed2f47a09c2bca3a0882d9a7
pv_364eb5e15c3311e79d9d,pv_364eb5e15c3311e79d9d,test,healthy,plantvillage,Raspberry___healthy,healthy,pv:['Raspberry___healthy:::20.0'],0,none,images/test/healthy/pv_364eb5e15c3311e79d9d.jpg,320,240,80,a0b1c85c8fcf7855148345c1a4e220c62888e818a24d2175c064a032c9617a09
pv_712c70910e060556f188,pv_712c70910e060556f188,validation,healthy,plantvillage,Soybean___healthy,healthy,pv:['Soybean___healthy:::146.0'],0,none,images/validation/healthy/pv_712c70910e060556f188.jpg,320,240,80,babae0590156cd7a155d73b13c6856ddf9313679c1448f8f56f08698b41d95f9
pv_9cef02446f7a748e2d2a,pv_9cef02446f7a748e2d2a,test,healthy,plantvillage,Soybean___healthy,healthy,pv:['Soybean___healthy:::412.0'],0,none,images/test/healthy/pv_9cef02446f7a748e2d2a.jpg,320,240,80,5061c37e8cf98354dc508aedba34e62abcf78f61a57cb5add54c4b10fd123288
pv_a8e582e38d3b3ead5a07,pv_a8e582e38d3b3ead5a07,train,healthy,plantvillage,Soybean___healthy,healthy,pv:['Soybean___healthy:::177.0'],0,none,images/train/healthy/pv_a8e582e38d3b3ead5a07.jpg,320,240,80,fda9341aed345017c192a9ddbfc6f51e877d2e2e431270426ef8e7c3016a4aef
pv_a8e582e38d3b3ead5a07__aug01,pv_a8e582e38d3b3ead5a07,train,healthy,plantvillage,Soybean___healthy,healthy,pv:['Soybean___healthy:::177.0'],1,"{""horizontal_flip"":true,""zoom"":1.019,""rotation_degrees"":7.884,""brightness"":1.07,""contrast"":1.099,""saturation"":0.936,""blur_radius"":0.0,""noise_sigma"":3.912,""noise_seed"":1420128993,""jpeg_quality"":66}",images/train/healthy/pv_a8e582e38d3b3ead5a07__aug01.jpg,320,240,66,485f55deb8b55a29a85fb0512ac86153fce74f6420fc1796fad8a90e625c3586
pv_bbad6b6eb9e2e94670c8,pv_bbad6b6eb9e2e94670c8,test,healthy,plantvillage,Strawberry___healthy,healthy,pv:['Strawberry___healthy:::2.0'],0,none,images/test/healthy/pv_bbad6b6eb9e2e94670c8.jpg,320,240,80,0fc242998d64690125d37224d67cf7f8410cd7f0b0cf3692e7c9e9ac07069063
pv_a995f914b64fed507523,pv_a995f914b64fed507523,train,healthy,plantvillage,Strawberry___healthy,healthy,pv:['Strawberry___healthy:::19.0'],0,none,images/train/healthy/pv_a995f914b64fed507523.jpg,320,240,80,0bc2c4594e791b40893977a7595e0c426685e9e9077a1ddf23d9693dbf4a315d
pv_a995f914b64fed507523__aug01,pv_a995f914b64fed507523,train,healthy,plantvillage,Strawberry___healthy,healthy,pv:['Strawberry___healthy:::19.0'],1,"{""horizontal_flip"":false,""zoom"":1.1108,""rotation_degrees"":1.185,""brightness"":1.0623,""contrast"":0.8619,""saturation"":1.0163,""blur_radius"":0.717,""noise_sigma"":2.453,""noise_seed"":3778877197,""jpeg_quality"":58}",images/train/healthy/pv_a995f914b64fed507523__aug01.jpg,320,240,58,277d6238dc5643058bde963fa293de1c99cd96f05e16853017d4a722b3048e10
pv_c5d9937e08e2178dbc50,pv_c5d9937e08e2178dbc50,validation,healthy,plantvillage,Strawberry___healthy,healthy,"pv:['Strawberry___healthy:::113.0', 'Soybean___healthy:::240.0']",0,none,images/validation/healthy/pv_c5d9937e08e2178dbc50.jpg,320,240,80,0db4f9f75cc913c2d149e1a609570c16fe6e80dab6e75c1457d8773d9e71f81e
pv_7b83c5c11714b3746676,pv_7b83c5c11714b3746676,validation,healthy,plantvillage,Tomato___healthy,healthy,"pv:['Blueberry___healthy:::9.0', 'Tomato___healthy:::94.0']",0,none,images/validation/healthy/pv_7b83c5c11714b3746676.jpg,320,240,80,38314b7210d0e35d83729f3b57e6f64745f9eee29d426abdd61f13fd49e86bda
pv_cefa84d2a1f80b61d57b,pv_cefa84d2a1f80b61d57b,test,healthy,plantvillage,Tomato___healthy,healthy,pv:Tomato___healthy:ab43ead0-0a4c-4069-8c29-43310eb145e1,0,none,images/test/healthy/pv_cefa84d2a1f80b61d57b.jpg,320,240,80,ac9856950d79c5b8191c4289fc84fd7d6abae6b9292314caca51c9bb07b30468
pv_ce2513dafd61835681b9,pv_ce2513dafd61835681b9,train,healthy,plantvillage,Tomato___healthy,healthy,pv:Tomato___healthy:e531e3da-a55b-41a9-8700-3e163226bfb2,0,none,images/train/healthy/pv_ce2513dafd61835681b9.jpg,320,240,80,a045941db9bdf3c2b0c5454b400f17a3729f9f30e5a45455610f234a1e4796a5
pv_ce2513dafd61835681b9__aug01,pv_ce2513dafd61835681b9,train,healthy,plantvillage,Tomato___healthy,healthy,pv:Tomato___healthy:e531e3da-a55b-41a9-8700-3e163226bfb2,1,"{""horizontal_flip"":true,""zoom"":1.0997,""rotation_degrees"":5.35,""brightness"":0.8875,""contrast"":1.0937,""saturation"":1.1099,""blur_radius"":0.0,""noise_sigma"":4.731,""noise_seed"":1457903262,""jpeg_quality"":51}",images/train/healthy/pv_ce2513dafd61835681b9__aug01.jpg,320,240,51,d12dd9b40dc88adc56a3d57b23b3927549b1aab3ae279239d527711a9b724c3d
pv_53e3daaef1ffa6f3b322,pv_53e3daaef1ffa6f3b322,test,unhealthy,plantvillage,Apple___Apple_scab,diseased_leaf,pv:['Apple___Apple_scab:::44.0'],0,none,images/test/unhealthy/pv_53e3daaef1ffa6f3b322.jpg,320,240,80,68572af439800a7256903d0e01e63559f09d7a69bad16f249ce32dee6fc4a530
pv_b81a790f3b02c67970e4,pv_b81a790f3b02c67970e4,train,unhealthy,plantvillage,Apple___Apple_scab,diseased_leaf,pv:['Apple___Apple_scab:::27.0'],0,none,images/train/unhealthy/pv_b81a790f3b02c67970e4.jpg,320,240,80,0453ed14c646c4b9cce9075e6a7902579ce4eaca630c94ace629dcd6a1843428
pv_b81a790f3b02c67970e4__aug01,pv_b81a790f3b02c67970e4,train,unhealthy,plantvillage,Apple___Apple_scab,diseased_leaf,pv:['Apple___Apple_scab:::27.0'],1,"{""horizontal_flip"":false,""zoom"":1.0919,""rotation_degrees"":-0.282,""brightness"":0.8314,""contrast"":1.1739,""saturation"":1.0924,""blur_radius"":0.57,""noise_sigma"":3.637,""noise_seed"":4245866470,""jpeg_quality"":67}",images/train/unhealthy/pv_b81a790f3b02c67970e4__aug01.jpg,320,240,67,6b89bcf08751ff613dde4a05d23b053060806103c2718a949e73c3d05bea5182
pv_c0b0e8d7ec3acd06b631,pv_c0b0e8d7ec3acd06b631,train,unhealthy,plantvillage,Apple___Apple_scab,diseased_leaf,pv:['Apple___Apple_scab:::100.0'],0,none,images/train/unhealthy/pv_c0b0e8d7ec3acd06b631.jpg,320,240,80,28a3d4e792499da1e3d2ebb6a8f330d4201c492c53adedf6000916c0afe9abc1
pv_c0b0e8d7ec3acd06b631__aug01,pv_c0b0e8d7ec3acd06b631,train,unhealthy,plantvillage,Apple___Apple_scab,diseased_leaf,pv:['Apple___Apple_scab:::100.0'],1,"{""horizontal_flip"":true,""zoom"":1.0201,""rotation_degrees"":6.367,""brightness"":1.1441,""contrast"":1.0796,""saturation"":0.8181,""blur_radius"":0.0,""noise_sigma"":3.133,""noise_seed"":3410317133,""jpeg_quality"":52}",images/train/unhealthy/pv_c0b0e8d7ec3acd06b631__aug01.jpg,320,240,52,dc68c9229337ff26a4f7510960e19146551e53e7a7b1bd463a38d2e20d92259b
pv_22cf438155fbb69ea4d1,pv_22cf438155fbb69ea4d1,validation,unhealthy,plantvillage,Apple___Apple_scab,diseased_leaf,pv:['Apple___Apple_scab:::21.0'],0,none,images/validation/unhealthy/pv_22cf438155fbb69ea4d1.jpg,320,240,80,8969414a108ce6392340f2937900015158394f031e8c4bea9fde11b939c3c570
pv_f17df908cf94a10a87f1,pv_f17df908cf94a10a87f1,train,unhealthy,plantvillage,Apple___Apple_scab,diseased_leaf,pv:['Apple___Apple_scab:::72.0'],0,none,images/train/unhealthy/pv_f17df908cf94a10a87f1.jpg,320,240,80,2d3775971a36f5279d00baf2633b9034daa473c0acd56b5365e7eeff5a773733
pv_f17df908cf94a10a87f1__aug01,pv_f17df908cf94a10a87f1,train,unhealthy,plantvillage,Apple___Apple_scab,diseased_leaf,pv:['Apple___Apple_scab:::72.0'],1,"{""horizontal_flip"":true,""zoom"":1.073,""rotation_degrees"":5.992,""brightness"":1.1742,""contrast"":1.1772,""saturation"":0.8694,""blur_radius"":0.0,""noise_sigma"":5.96,""noise_seed"":3371700727,""jpeg_quality"":49}",images/train/unhealthy/pv_f17df908cf94a10a87f1__aug01.jpg,320,240,49,3b848e0fe8eb8b9f168c1291993a421ab947e6a29b9e530c50d62b7588d168d8
pv_3cc03477e683d02a561c,pv_3cc03477e683d02a561c,train,unhealthy,plantvillage,Apple___Black_rot,diseased_leaf,pv:['Apple_Frogeye Spot:::59.0'],0,none,images/train/unhealthy/pv_3cc03477e683d02a561c.jpg,320,240,80,8a1ab08faab3c29cee7bb7c3e841d75a56a30a4d512df881bb0efa2100c9b1d4
pv_3cc03477e683d02a561c__aug01,pv_3cc03477e683d02a561c,train,unhealthy,plantvillage,Apple___Black_rot,diseased_leaf,pv:['Apple_Frogeye Spot:::59.0'],1,"{""horizontal_flip"":true,""zoom"":1.0645,""rotation_degrees"":-3.488,""brightness"":0.9381,""contrast"":1.0652,""saturation"":1.1007,""blur_radius"":0.518,""noise_sigma"":2.745,""noise_seed"":4191553792,""jpeg_quality"":63}",images/train/unhealthy/pv_3cc03477e683d02a561c__aug01.jpg,320,240,63,9dcc504169da63d00c1192e7f07fa724db86a45d4e49ed205609bf2ecb3fded4
pv_ffb7012a0b601dfbebf8,pv_ffb7012a0b601dfbebf8,train,unhealthy,plantvillage,Apple___Black_rot,diseased_leaf,pv:['Apple_Frogeye Spot:::12.0'],0,none,images/train/unhealthy/pv_ffb7012a0b601dfbebf8.jpg,320,240,80,975e31ef92b2a6ddab46fb513fcb306042b881932ecd16b975b48dd4d64cfc0c
pv_ffb7012a0b601dfbebf8__aug01,pv_ffb7012a0b601dfbebf8,train,unhealthy,plantvillage,Apple___Black_rot,diseased_leaf,pv:['Apple_Frogeye Spot:::12.0'],1,"{""horizontal_flip"":false,""zoom"":1.1181,""rotation_degrees"":3.42,""brightness"":1.1337,""contrast"":1.097,""saturation"":1.166,""blur_radius"":0.0,""noise_sigma"":5.675,""noise_seed"":1994353966,""jpeg_quality"":61}",images/train/unhealthy/pv_ffb7012a0b601dfbebf8__aug01.jpg,320,240,61,7f6dc89b26ae7a9ab8c56fd4325ad1dc10d4a1661bbea5dbc3bd4993a7f4e074
pv_a4f4141aaac63bfa6c68,pv_a4f4141aaac63bfa6c68,validation,unhealthy,plantvillage,Apple___Black_rot,diseased_leaf,pv:['Apple_Frogeye Spot:::22.0'],0,none,images/validation/unhealthy/pv_a4f4141aaac63bfa6c68.jpg,320,240,80,6ce9dd8d0631ddca6a7a48d49a8ab3600cea9add67195b2d453988144332c6f0
pv_1094d97c59ee634f0eea,pv_1094d97c59ee634f0eea,train,unhealthy,plantvillage,Apple___Black_rot,diseased_leaf,pv:['Apple_Frogeye Spot:::62.0'],0,none,images/train/unhealthy/pv_1094d97c59ee634f0eea.jpg,320,240,80,1c2e3e7507208c5cd971ba100fde91c9528702e3dd5332ce89adc6d4fd0c1f73
pv_1094d97c59ee634f0eea__aug01,pv_1094d97c59ee634f0eea,train,unhealthy,plantvillage,Apple___Black_rot,diseased_leaf,pv:['Apple_Frogeye Spot:::62.0'],1,"{""horizontal_flip"":false,""zoom"":1.0117,""rotation_degrees"":1.958,""brightness"":1.1423,""contrast"":1.0943,""saturation"":0.9181,""blur_radius"":0.395,""noise_sigma"":2.507,""noise_seed"":580287390,""jpeg_quality"":69}",images/train/unhealthy/pv_1094d97c59ee634f0eea__aug01.jpg,320,240,69,0b3339040938ba9f0cb39bafd77ac19782619f4d0457d9e1c19429fb099f01ff
pv_8c70273a2f8f95c57c9d,pv_8c70273a2f8f95c57c9d,test,unhealthy,plantvillage,Apple___Black_rot,diseased_leaf,pv:['Apple_Frogeye Spot:::2.0'],0,none,images/test/unhealthy/pv_8c70273a2f8f95c57c9d.jpg,320,240,80,29fac57422b6881f0947ca6b394737c5fa0921b97ccafbfecfac8f2df56c71c0
pv_a163c179707a111627e4,pv_a163c179707a111627e4,train,unhealthy,plantvillage,Apple___Cedar_apple_rust,diseased_leaf,pv:['Apple___Cedar_apple_rust:::53.0'],0,none,images/train/unhealthy/pv_a163c179707a111627e4.jpg,320,240,80,d84dc09c8fa4dd7a2199b5f7862dcd3a0a90406026c71ecfee47858b4293bca5
pv_a163c179707a111627e4__aug01,pv_a163c179707a111627e4,train,unhealthy,plantvillage,Apple___Cedar_apple_rust,diseased_leaf,pv:['Apple___Cedar_apple_rust:::53.0'],1,"{""horizontal_flip"":false,""zoom"":1.113,""rotation_degrees"":0.757,""brightness"":0.9366,""contrast"":0.8465,""saturation"":0.8541,""blur_radius"":0.0,""noise_sigma"":2.076,""noise_seed"":549416668,""jpeg_quality"":55}",images/train/unhealthy/pv_a163c179707a111627e4__aug01.jpg,320,240,55,a0e6c82d4538347b8a633a085234a4e7453d723afcb9631721dafb6d415502fc
pv_e7db0a5492f38dff7848,pv_e7db0a5492f38dff7848,train,unhealthy,plantvillage,Apple___Cedar_apple_rust,diseased_leaf,pv:['Apple___Cedar_apple_rust:::55.0'],0,none,images/train/unhealthy/pv_e7db0a5492f38dff7848.jpg,320,240,80,0263179fe8b19dbdc1f78448aa1ce5494e6f7c1f34c8de9139b881c87b6de018
pv_e7db0a5492f38dff7848__aug01,pv_e7db0a5492f38dff7848,train,unhealthy,plantvillage,Apple___Cedar_apple_rust,diseased_leaf,pv:['Apple___Cedar_apple_rust:::55.0'],1,"{""horizontal_flip"":true,""zoom"":1.0078,""rotation_degrees"":-6.802,""brightness"":0.8407,""contrast"":0.943,""saturation"":1.0715,""blur_radius"":0.0,""noise_sigma"":4.542,""noise_seed"":2829717391,""jpeg_quality"":56}",images/train/unhealthy/pv_e7db0a5492f38dff7848__aug01.jpg,320,240,56,c92cae391309ebab2f96a9ebd5fa9e2877e48ad0b787461bf664f278654b2606
pv_242816945ccc876b7314,pv_242816945ccc876b7314,validation,unhealthy,plantvillage,Apple___Cedar_apple_rust,diseased_leaf,pv:['Apple___Cedar_apple_rust:::9.0'],0,none,images/validation/unhealthy/pv_242816945ccc876b7314.jpg,320,240,80,c7d1893c37814d3dcfa139889d0038dfb25f7374886bfa4545ba45228c158428
pv_dcce4a424f92a977b21c,pv_dcce4a424f92a977b21c,test,unhealthy,plantvillage,Apple___Cedar_apple_rust,diseased_leaf,pv:['Apple___Cedar_apple_rust:::49.0'],0,none,images/test/unhealthy/pv_dcce4a424f92a977b21c.jpg,320,240,80,5fc1894dc44c750dc08c862432932857a9d0724d8ba7a7417864159584182814
pv_ea3a956aaa0dc0b9c8b6,pv_ea3a956aaa0dc0b9c8b6,train,unhealthy,plantvillage,Apple___Cedar_apple_rust,diseased_leaf,pv:['Apple___Cedar_apple_rust:::1.0'],0,none,images/train/unhealthy/pv_ea3a956aaa0dc0b9c8b6.jpg,320,240,80,70998b19ae1985aeee6e1d02b6854df3ebef252d2ac72e18576d5ba08aa96695
pv_ea3a956aaa0dc0b9c8b6__aug01,pv_ea3a956aaa0dc0b9c8b6,train,unhealthy,plantvillage,Apple___Cedar_apple_rust,diseased_leaf,pv:['Apple___Cedar_apple_rust:::1.0'],1,"{""horizontal_flip"":true,""zoom"":1.0138,""rotation_degrees"":3.918,""brightness"":1.1021,""contrast"":0.9752,""saturation"":0.9376,""blur_radius"":0.0,""noise_sigma"":3.182,""noise_seed"":3282050833,""jpeg_quality"":71}",images/train/unhealthy/pv_ea3a956aaa0dc0b9c8b6__aug01.jpg,320,240,71,4e5837b0ff16150cab79b3c773d932400252a099530a0446ce15584f76e5370c
pv_f45ae1f988f465d2037f,pv_f45ae1f988f465d2037f,train,unhealthy,plantvillage,Cherry_(including_sour)___Powdery_mildew,diseased_leaf,pv:['Cherry_(including_sour)___Powdery_mildew:::22.0'],0,none,images/train/unhealthy/pv_f45ae1f988f465d2037f.jpg,320,240,80,8f2d1e2c84d26f802bf2a2d88d63a66189b5f9fff0773883d557f08edf63731f
pv_f45ae1f988f465d2037f__aug01,pv_f45ae1f988f465d2037f,train,unhealthy,plantvillage,Cherry_(including_sour)___Powdery_mildew,diseased_leaf,pv:['Cherry_(including_sour)___Powdery_mildew:::22.0'],1,"{""horizontal_flip"":true,""zoom"":1.1089,""rotation_degrees"":2.206,""brightness"":0.9142,""contrast"":0.8299,""saturation"":0.8534,""blur_radius"":0.744,""noise_sigma"":3.303,""noise_seed"":3346786111,""jpeg_quality"":50}",images/train/unhealthy/pv_f45ae1f988f465d2037f__aug01.jpg,320,240,50,6daf3dcfd1c5aa9640ff1a9f32e95cf3a654907dad35cb80034a9e64f43062c7
pv_b7d856ddb3e91e690c7d,pv_b7d856ddb3e91e690c7d,train,unhealthy,plantvillage,Cherry_(including_sour)___Powdery_mildew,diseased_leaf,pv:['Cherry_(including_sour)___Powdery_mildew:::18.0'],0,none,images/train/unhealthy/pv_b7d856ddb3e91e690c7d.jpg,320,240,80,8dbc6255841817cf1af9c65795475c26a313239d5023c9d19466f55a9341e06d
pv_b7d856ddb3e91e690c7d__aug01,pv_b7d856ddb3e91e690c7d,train,unhealthy,plantvillage,Cherry_(including_sour)___Powdery_mildew,diseased_leaf,pv:['Cherry_(including_sour)___Powdery_mildew:::18.0'],1,"{""horizontal_flip"":true,""zoom"":1.1065,""rotation_degrees"":-4.685,""brightness"":0.9556,""contrast"":1.0274,""saturation"":0.9301,""blur_radius"":0.0,""noise_sigma"":5.816,""noise_seed"":3856205567,""jpeg_quality"":50}",images/train/unhealthy/pv_b7d856ddb3e91e690c7d__aug01.jpg,320,240,50,b09d043673f0d21ffe97f968890e48ba3cadf72d94c3d6485851e2a74cb6cfca
pv_4f8e49f6f48891d2da54,pv_4f8e49f6f48891d2da54,validation,unhealthy,plantvillage,Cherry_(including_sour)___Powdery_mildew,diseased_leaf,pv:['Cherry_(including_sour)___Powdery_mildew:::16.0'],0,none,images/validation/unhealthy/pv_4f8e49f6f48891d2da54.jpg,320,240,80,c52a4a9979d5780035f04d629c97889b09aef41a246a8d1d477a6e3af76047a5
pv_33637a01554505fcab28,pv_33637a01554505fcab28,train,unhealthy,plantvillage,Cherry_(including_sour)___Powdery_mildew,diseased_leaf,pv:['Cherry_(including_sour)___Powdery_mildew:::41.0'],0,none,images/train/unhealthy/pv_33637a01554505fcab28.jpg,320,240,80,0420561944b728ea410cd1894e552bef97aba6cba6a5198ccc607d6e5a712e77
pv_33637a01554505fcab28__aug01,pv_33637a01554505fcab28,train,unhealthy,plantvillage,Cherry_(including_sour)___Powdery_mildew,diseased_leaf,pv:['Cherry_(including_sour)___Powdery_mildew:::41.0'],1,"{""horizontal_flip"":true,""zoom"":1.0007,""rotation_degrees"":7.621,""brightness"":0.9793,""contrast"":0.8427,""saturation"":0.891,""blur_radius"":0.0,""noise_sigma"":4.712,""noise_seed"":1764898545,""jpeg_quality"":56}",images/train/unhealthy/pv_33637a01554505fcab28__aug01.jpg,320,240,56,bec42620cf670a3823907728fc23eee80b84baa685bacde779bc5daed308ed35
pv_8009f20280b8e02c1990,pv_8009f20280b8e02c1990,test,unhealthy,plantvillage,Cherry_(including_sour)___Powdery_mildew,diseased_leaf,pv:['Cherry_(including_sour)___Powdery_mildew:::51.0'],0,none,images/test/unhealthy/pv_8009f20280b8e02c1990.jpg,320,240,80,0c27d086376ee70fd32d2e02612350449ae3e0b7400cdc0e09232ab74583533c
pv_19bee6c4df11ce70b9fe,pv_19bee6c4df11ce70b9fe,validation,unhealthy,plantvillage,Corn_(maize)___Cercospora_leaf_spot Gray_leaf_spot,diseased_leaf,pv:Corn_(maize)___Cercospora_leaf_spot Gray_leaf_spot:c740d42c-29fd-49cd-a941-afd8429b1f28,0,none,images/validation/unhealthy/pv_19bee6c4df11ce70b9fe.jpg,320,240,80,bc4a54ccefcf5e337955fb56bdfa7de5b31da4bc6e13ec35e312254971a784af
pv_81c554febd78bfdb6ea9,pv_81c554febd78bfdb6ea9,test,unhealthy,plantvillage,Corn_(maize)___Cercospora_leaf_spot Gray_leaf_spot,diseased_leaf,pv:Corn_(maize)___Cercospora_leaf_spot Gray_leaf_spot:c7c98f44-a2a9-4c74-9cff-b0d31e5e05b1,0,none,images/test/unhealthy/pv_81c554febd78bfdb6ea9.jpg,320,240,80,9d5e797d3dc6ebeb9ebf9afc46cddf64baaf70618cc5c43b8626218823793ab5
pv_cb300bb249bba0c924f3,pv_cb300bb249bba0c924f3,train,unhealthy,plantvillage,Corn_(maize)___Cercospora_leaf_spot Gray_leaf_spot,diseased_leaf,pv:Corn_(maize)___Cercospora_leaf_spot Gray_leaf_spot:648f5a4f-9fb5-486f-97ac-918c5804ab53,0,none,images/train/unhealthy/pv_cb300bb249bba0c924f3.jpg,320,240,80,b1a56b3f12a77684b08043e33c56a29959eb246d3cedf735417e87b706cd5b2a
pv_cb300bb249bba0c924f3__aug01,pv_cb300bb249bba0c924f3,train,unhealthy,plantvillage,Corn_(maize)___Cercospora_leaf_spot Gray_leaf_spot,diseased_leaf,pv:Corn_(maize)___Cercospora_leaf_spot Gray_leaf_spot:648f5a4f-9fb5-486f-97ac-918c5804ab53,1,"{""horizontal_flip"":true,""zoom"":1.007,""rotation_degrees"":6.397,""brightness"":0.8152,""contrast"":0.9272,""saturation"":0.9605,""blur_radius"":0.423,""noise_sigma"":4.519,""noise_seed"":3968142555,""jpeg_quality"":51}",images/train/unhealthy/pv_cb300bb249bba0c924f3__aug01.jpg,320,240,51,e8317717e632b75e21cf253fd1a9db38c651757b4ffffcbd93fb8288ff382b7b
pv_2bd9b15bc92146f5a046,pv_2bd9b15bc92146f5a046,train,unhealthy,plantvillage,Corn_(maize)___Cercospora_leaf_spot Gray_leaf_spot,diseased_leaf,pv:Corn_(maize)___Cercospora_leaf_spot Gray_leaf_spot:22e876a7-46e4-4b87-b2ac-0668117fb455,0,none,images/train/unhealthy/pv_2bd9b15bc92146f5a046.jpg,320,240,80,c95c8918f242b8a072b14b0f12e655328c5dcb59f63d47137258ed9ef4db608a
pv_2bd9b15bc92146f5a046__aug01,pv_2bd9b15bc92146f5a046,train,unhealthy,plantvillage,Corn_(maize)___Cercospora_leaf_spot Gray_leaf_spot,diseased_leaf,pv:Corn_(maize)___Cercospora_leaf_spot Gray_leaf_spot:22e876a7-46e4-4b87-b2ac-0668117fb455,1,"{""horizontal_flip"":false,""zoom"":1.1176,""rotation_degrees"":3.479,""brightness"":0.9121,""contrast"":0.9387,""saturation"":1.1255,""blur_radius"":0.274,""noise_sigma"":2.179,""noise_seed"":1430433040,""jpeg_quality"":50}",images/train/unhealthy/pv_2bd9b15bc92146f5a046__aug01.jpg,320,240,50,6d1e55404762f27c4bd2c462fe5864d1084faa8f86769898f4b0cf7271015d2f
pv_6b2a4ef5f96de96b9e42,pv_6b2a4ef5f96de96b9e42,train,unhealthy,plantvillage,Corn_(maize)___Cercospora_leaf_spot Gray_leaf_spot,diseased_leaf,pv:Corn_(maize)___Cercospora_leaf_spot Gray_leaf_spot:14913b5b-f425-43f4-8266-e6c353f96781,0,none,images/train/unhealthy/pv_6b2a4ef5f96de96b9e42.jpg,320,240,80,025477bcd3929c764062e94497a0b96c7d3fb4e1eb1f171696d8fb6738087e80
pv_6b2a4ef5f96de96b9e42__aug01,pv_6b2a4ef5f96de96b9e42,train,unhealthy,plantvillage,Corn_(maize)___Cercospora_leaf_spot Gray_leaf_spot,diseased_leaf,pv:Corn_(maize)___Cercospora_leaf_spot Gray_leaf_spot:14913b5b-f425-43f4-8266-e6c353f96781,1,"{""horizontal_flip"":true,""zoom"":1.1045,""rotation_degrees"":7.892,""brightness"":1.1241,""contrast"":1.0186,""saturation"":0.9414,""blur_radius"":0.0,""noise_sigma"":5.395,""noise_seed"":2321409562,""jpeg_quality"":57}",images/train/unhealthy/pv_6b2a4ef5f96de96b9e42__aug01.jpg,320,240,57,1915e7a853635c8dc70326841c3970619c172d5f0fc33f23885f724ec0c089d3
pv_57b453c4c36a82a593ba,pv_57b453c4c36a82a593ba,train,unhealthy,plantvillage,Corn_(maize)___Common_rust_,diseased_leaf,pv:Corn_(maize)___Common_rust_:RS_Rust 2767,0,none,images/train/unhealthy/pv_57b453c4c36a82a593ba.jpg,320,240,80,d4f4d7a82b5eb736424f983af799de3840a3114e19eb0ed42a615cb0d9c00b93
pv_57b453c4c36a82a593ba__aug01,pv_57b453c4c36a82a593ba,train,unhealthy,plantvillage,Corn_(maize)___Common_rust_,diseased_leaf,pv:Corn_(maize)___Common_rust_:RS_Rust 2767,1,"{""horizontal_flip"":false,""zoom"":1.0512,""rotation_degrees"":7.901,""brightness"":0.7818,""contrast"":0.8991,""saturation"":1.004,""blur_radius"":0.0,""noise_sigma"":5.25,""noise_seed"":652024919,""jpeg_quality"":63}",images/train/unhealthy/pv_57b453c4c36a82a593ba__aug01.jpg,320,240,63,45771126f7db59a3de6a8f3cc93eef194be549935fd6090527b0c6dc0401f67d
pv_f45bf538174159797adf,pv_f45bf538174159797adf,train,unhealthy,plantvillage,Corn_(maize)___Common_rust_,diseased_leaf,pv:Corn_(maize)___Common_rust_:RS_Rust 2061,0,none,images/train/unhealthy/pv_f45bf538174159797adf.jpg,320,240,80,f4c344f458d781e1ee07d0c5915fd57a4965f6d46c4c329491fd3ae38e58c758
pv_f45bf538174159797adf__aug01,pv_f45bf538174159797adf,train,unhealthy,plantvillage,Corn_(maize)___Common_rust_,diseased_leaf,pv:Corn_(maize)___Common_rust_:RS_Rust 2061,1,"{""horizontal_flip"":true,""zoom"":1.0534,""rotation_degrees"":7.915,""brightness"":0.9863,""contrast"":1.0301,""saturation"":0.8327,""blur_radius"":0.0,""noise_sigma"":5.863,""noise_seed"":4192274831,""jpeg_quality"":55}",images/train/unhealthy/pv_f45bf538174159797adf__aug01.jpg,320,240,55,3d846832a1b500f0ef566dffd69de7e47fe1b9cce68b2704fe786b8e89339648
pv_a4cf2c40d48cdc4891b2,pv_a4cf2c40d48cdc4891b2,train,unhealthy,plantvillage,Corn_(maize)___Common_rust_,diseased_leaf,pv:Corn_(maize)___Common_rust_:RS_Rust 2762,0,none,images/train/unhealthy/pv_a4cf2c40d48cdc4891b2.jpg,320,240,80,cb5293d6e00e0144a92d2a4f6cc8f27037b7715d1f4550017c9cb5aabe208750
pv_a4cf2c40d48cdc4891b2__aug01,pv_a4cf2c40d48cdc4891b2,train,unhealthy,plantvillage,Corn_(maize)___Common_rust_,diseased_leaf,pv:Corn_(maize)___Common_rust_:RS_Rust 2762,1,"{""horizontal_flip"":false,""zoom"":1.1075,""rotation_degrees"":2.873,""brightness"":1.0436,""contrast"":1.0477,""saturation"":0.9637,""blur_radius"":0.0,""noise_sigma"":4.215,""noise_seed"":156700604,""jpeg_quality"":64}",images/train/unhealthy/pv_a4cf2c40d48cdc4891b2__aug01.jpg,320,240,64,dd915ba5275832d8f7f22559d5d6980e0e6b9adf979704483715283759ba3d29
pv_600d9ccd1a553f877b18,pv_600d9ccd1a553f877b18,validation,unhealthy,plantvillage,Corn_(maize)___Common_rust_,diseased_leaf,pv:Corn_(maize)___Common_rust_:RS_Rust 1771,0,none,images/validation/unhealthy/pv_600d9ccd1a553f877b18.jpg,320,240,80,910eebe625177b220b886c080126933643d28dc444ffae23e5c06945387b0fa1
pv_ba49808178744f2517ce,pv_ba49808178744f2517ce,test,unhealthy,plantvillage,Corn_(maize)___Common_rust_,diseased_leaf,pv:Corn_(maize)___Common_rust_:RS_Rust 2611,0,none,images/test/unhealthy/pv_ba49808178744f2517ce.jpg,320,240,80,49048226902b402a805d5ed47a1eea8a602f2119ef4c80ed229abb80e596c41d
pv_0e0c77172960869cb6a0,pv_0e0c77172960869cb6a0,train,unhealthy,plantvillage,Corn_(maize)___Northern_Leaf_Blight,diseased_leaf,pv:Corn_(maize)___Northern_Leaf_Blight:72bbfeba-b355-47d3-aa0e-3c9a148575aa,0,none,images/train/unhealthy/pv_0e0c77172960869cb6a0.jpg,320,240,80,5186e5a46fcc71eb317556c3656a5fe0e31baa47f4a379d708a518f9931fc60b
pv_0e0c77172960869cb6a0__aug01,pv_0e0c77172960869cb6a0,train,unhealthy,plantvillage,Corn_(maize)___Northern_Leaf_Blight,diseased_leaf,pv:Corn_(maize)___Northern_Leaf_Blight:72bbfeba-b355-47d3-aa0e-3c9a148575aa,1,"{""horizontal_flip"":true,""zoom"":1.1072,""rotation_degrees"":1.827,""brightness"":0.8187,""contrast"":1.0233,""saturation"":0.9799,""blur_radius"":0.0,""noise_sigma"":5.203,""noise_seed"":1652580024,""jpeg_quality"":64}",images/train/unhealthy/pv_0e0c77172960869cb6a0__aug01.jpg,320,240,64,02e3a381cb49527ad89481be319a8bcb8f327dde2a4607067356605f1cd5b4a9
pv_d384b93a16bc8c19e5e0,pv_d384b93a16bc8c19e5e0,test,unhealthy,plantvillage,Corn_(maize)___Northern_Leaf_Blight,diseased_leaf,pv:Corn_(maize)___Northern_Leaf_Blight:e39b074e-6702-4444-aa07-d5a9b3bd5446,0,none,images/test/unhealthy/pv_d384b93a16bc8c19e5e0.jpg,320,240,80,e9918485012bf3e4f7bc133dfad85a59bfdc848ca97a00d527dd4571db7f78b1
pv_8b5805f0cc35640e2e7d,pv_8b5805f0cc35640e2e7d,train,unhealthy,plantvillage,Corn_(maize)___Northern_Leaf_Blight,diseased_leaf,pv:Corn_(maize)___Northern_Leaf_Blight:2b2f19f2-757c-47a0-a519-4cec0095a840,0,none,images/train/unhealthy/pv_8b5805f0cc35640e2e7d.jpg,320,240,80,b93852b2b8fa3580c152dbaebe5880de6e8ba70101d9ea5b2bbf6a8a2a81cca7
pv_8b5805f0cc35640e2e7d__aug01,pv_8b5805f0cc35640e2e7d,train,unhealthy,plantvillage,Corn_(maize)___Northern_Leaf_Blight,diseased_leaf,pv:Corn_(maize)___Northern_Leaf_Blight:2b2f19f2-757c-47a0-a519-4cec0095a840,1,"{""horizontal_flip"":true,""zoom"":1.096,""rotation_degrees"":2.568,""brightness"":0.9827,""contrast"":0.9552,""saturation"":0.9105,""blur_radius"":0.276,""noise_sigma"":3.903,""noise_seed"":2338702430,""jpeg_quality"":65}",images/train/unhealthy/pv_8b5805f0cc35640e2e7d__aug01.jpg,320,240,65,7992a01bbd68d894d8ce705e6c1bcbe93a7ea8158cec4305f1c22719774120aa
pv_1c3d18b8fc315fc860c5,pv_1c3d18b8fc315fc860c5,train,unhealthy,plantvillage,Corn_(maize)___Northern_Leaf_Blight,diseased_leaf,pv:Corn_(maize)___Northern_Leaf_Blight:ef2883c1-77cd-4b12-98bc-db371e596eb7,0,none,images/train/unhealthy/pv_1c3d18b8fc315fc860c5.jpg,320,240,80,4747e63fdf0b1dcea472d5db9b2072b1740a292871f6a997c280aa8b3e129b4f
pv_1c3d18b8fc315fc860c5__aug01,pv_1c3d18b8fc315fc860c5,train,unhealthy,plantvillage,Corn_(maize)___Northern_Leaf_Blight,diseased_leaf,pv:Corn_(maize)___Northern_Leaf_Blight:ef2883c1-77cd-4b12-98bc-db371e596eb7,1,"{""horizontal_flip"":false,""zoom"":1.0763,""rotation_degrees"":7.085,""brightness"":0.8182,""contrast"":0.9193,""saturation"":1.0607,""blur_radius"":0.491,""noise_sigma"":2.446,""noise_seed"":3825799738,""jpeg_quality"":60}",images/train/unhealthy/pv_1c3d18b8fc315fc860c5__aug01.jpg,320,240,60,5e843fa93ca9f2a7f51a7313e71b8176931772fbaaf0ff13a89ae5f13c97297f
pv_dbcd0eb8d14e824d80f0,pv_dbcd0eb8d14e824d80f0,validation,unhealthy,plantvillage,Corn_(maize)___Northern_Leaf_Blight,diseased_leaf,pv:Corn_(maize)___Northern_Leaf_Blight:739f7cf2-2f79-473b-864f-1a35916dc5a7,0,none,images/validation/unhealthy/pv_dbcd0eb8d14e824d80f0.jpg,320,240,80,dcf26f4445332a6b74aaa7fa17d8a727ea4ad5818995936295d5a73b48809a3e
pv_61fd697180650df94dc8,pv_61fd697180650df94dc8,test,unhealthy,plantvillage,Grape___Black_rot,diseased_leaf,pv:['Grape___Black_rot:::277.0'],0,none,images/test/unhealthy/pv_61fd697180650df94dc8.jpg,320,240,80,8cc517fe4c9755976cc4cfa023ee6892a396c22b21ef545da3d55beeb6f53524
pv_1da3ac2712b4ada93b18,pv_1da3ac2712b4ada93b18,train,unhealthy,plantvillage,Grape___Black_rot,diseased_leaf,pv:['Grape___Black_rot:::164.0'],0,none,images/train/unhealthy/pv_1da3ac2712b4ada93b18.jpg,320,240,80,be766f5b8d04102575072612ef0a85c30051d84469de42be59b4815000a620ba
pv_1da3ac2712b4ada93b18__aug01,pv_1da3ac2712b4ada93b18,train,unhealthy,plantvillage,Grape___Black_rot,diseased_leaf,pv:['Grape___Black_rot:::164.0'],1,"{""horizontal_flip"":true,""zoom"":1.0578,""rotation_degrees"":-6.309,""brightness"":1.0809,""contrast"":1.1516,""saturation"":0.8365,""blur_radius"":0.0,""noise_sigma"":5.506,""noise_seed"":3162575631,""jpeg_quality"":53}",images/train/unhealthy/pv_1da3ac2712b4ada93b18__aug01.jpg,320,240,53,006d04f6fdcfffd0bbe5b0681bbda3d6beb8c17670468d4d75b496fe26bb306a
pv_4d3198c1766b4c589016,pv_4d3198c1766b4c589016,train,unhealthy,plantvillage,Grape___Black_rot,diseased_leaf,pv:['Grape___Black_rot:::50.0'],0,none,images/train/unhealthy/pv_4d3198c1766b4c589016.jpg,320,240,80,07ba27734923028a7216da840a21358973dfa2175081dcbbcfb83a010a69b2bd
pv_4d3198c1766b4c589016__aug01,pv_4d3198c1766b4c589016,train,unhealthy,plantvillage,Grape___Black_rot,diseased_leaf,pv:['Grape___Black_rot:::50.0'],1,"{""horizontal_flip"":true,""zoom"":1.0153,""rotation_degrees"":-3.671,""brightness"":0.9168,""contrast"":1.0995,""saturation"":0.945,""blur_radius"":0.0,""noise_sigma"":3.835,""noise_seed"":3163304341,""jpeg_quality"":50}",images/train/unhealthy/pv_4d3198c1766b4c589016__aug01.jpg,320,240,50,e3ba59bb8e3a19031b0738278a0eb902f5a43d6ea215494d06cde258b53daa2c
pv_f21a518232cf83beffd3,pv_f21a518232cf83beffd3,validation,unhealthy,plantvillage,Grape___Black_rot,diseased_leaf,pv:['Grape___Black_rot:::122.0'],0,none,images/validation/unhealthy/pv_f21a518232cf83beffd3.jpg,320,240,80,47a771c1812090ae36cb8f2f71c5481867d1a94f1035f612d384839c611ddad3
pv_057c84281449d369517b,pv_057c84281449d369517b,train,unhealthy,plantvillage,Grape___Esca_(Black_Measles),diseased_leaf,pv:['Grape___Esca_(Black_Measles):::129.0'],0,none,images/train/unhealthy/pv_057c84281449d369517b.jpg,320,240,80,98a1b6ae8d6e75bddcb86dd222ffd9b5ae221bfc44bca5b0900bf5a33a99d332
pv_057c84281449d369517b__aug01,pv_057c84281449d369517b,train,unhealthy,plantvillage,Grape___Esca_(Black_Measles),diseased_leaf,pv:['Grape___Esca_(Black_Measles):::129.0'],1,"{""horizontal_flip"":false,""zoom"":1.1124,""rotation_degrees"":-6.776,""brightness"":1.0398,""contrast"":1.0631,""saturation"":1.1521,""blur_radius"":0.531,""noise_sigma"":5.895,""noise_seed"":1500968385,""jpeg_quality"":51}",images/train/unhealthy/pv_057c84281449d369517b__aug01.jpg,320,240,51,39598f5f51af6d05f0247757ac1d4ee1de910825cf19052ad94d418ce76cbd0d
pv_8e89d70dd2769d46fa5a,pv_8e89d70dd2769d46fa5a,train,unhealthy,plantvillage,Grape___Esca_(Black_Measles),diseased_leaf,pv:['Grape___Esca_(Black_Measles):::9.0'],0,none,images/train/unhealthy/pv_8e89d70dd2769d46fa5a.jpg,320,240,80,9e6615a6947f307d721873e8b29a79c3b9b4999b4e5e519fbabb06e9d457391d
pv_8e89d70dd2769d46fa5a__aug01,pv_8e89d70dd2769d46fa5a,train,unhealthy,plantvillage,Grape___Esca_(Black_Measles),diseased_leaf,pv:['Grape___Esca_(Black_Measles):::9.0'],1,"{""horizontal_flip"":true,""zoom"":1.0193,""rotation_degrees"":0.092,""brightness"":0.9113,""contrast"":0.9525,""saturation"":1.1554,""blur_radius"":0.0,""noise_sigma"":3.205,""noise_seed"":4176418216,""jpeg_quality"":49}",images/train/unhealthy/pv_8e89d70dd2769d46fa5a__aug01.jpg,320,240,49,5b88fae5ecfe0a4f4738e3aa6bc7f382b9af07c6646188e61b1f34dfc8beb6d6
pv_a19cbe66bc3a2ec4244c,pv_a19cbe66bc3a2ec4244c,test,unhealthy,plantvillage,Grape___Esca_(Black_Measles),diseased_leaf,pv:['Grape___Esca_(Black_Measles):::319.0'],0,none,images/test/unhealthy/pv_a19cbe66bc3a2ec4244c.jpg,320,240,80,7cd93f79d08e335490b9e5aa80d055c4a45e4ad1ab3064e7e9f114fcf8bfb166
pv_84ef424ec1fb97e485a4,pv_84ef424ec1fb97e485a4,validation,unhealthy,plantvillage,Grape___Esca_(Black_Measles),diseased_leaf,pv:['Grape___Esca_(Black_Measles):::289.0'],0,none,images/validation/unhealthy/pv_84ef424ec1fb97e485a4.jpg,320,240,80,4067ca883484531718365357992558b83f861207cbfbec013daf449a55306886
pv_f1865739a7e07279f595,pv_f1865739a7e07279f595,validation,unhealthy,plantvillage,Grape___Leaf_blight_(Isariopsis_Leaf_Spot),diseased_leaf,pv:['Grape___Leaf_blight_(Isariopsis_Leaf_Spot):::127.0'],0,none,images/validation/unhealthy/pv_f1865739a7e07279f595.jpg,320,240,80,e4c9dbfbe9d4fba39004ad968b118d3cb3489775525c51e7898ab86e05c8618c
pv_594559ac6c633268a912,pv_594559ac6c633268a912,train,unhealthy,plantvillage,Grape___Leaf_blight_(Isariopsis_Leaf_Spot),diseased_leaf,pv:['Grape___Leaf_blight_(Isariopsis_Leaf_Spot):::221.0'],0,none,images/train/unhealthy/pv_594559ac6c633268a912.jpg,320,240,80,2c788e29c9df3c12ad2ece7a253bd9ce67d89a7c960eac1228318f76ca8bf513
pv_594559ac6c633268a912__aug01,pv_594559ac6c633268a912,train,unhealthy,plantvillage,Grape___Leaf_blight_(Isariopsis_Leaf_Spot),diseased_leaf,pv:['Grape___Leaf_blight_(Isariopsis_Leaf_Spot):::221.0'],1,"{""horizontal_flip"":false,""zoom"":1.0582,""rotation_degrees"":3.486,""brightness"":0.8877,""contrast"":0.8671,""saturation"":1.0513,""blur_radius"":0.0,""noise_sigma"":2.104,""noise_seed"":2740397151,""jpeg_quality"":68}",images/train/unhealthy/pv_594559ac6c633268a912__aug01.jpg,320,240,68,2adbe88034c337d8fa533522194dee90e5520ebb15be7c368cd0860a58c15992
pv_55d38a6acb6bbc3f2b0c,pv_55d38a6acb6bbc3f2b0c,train,unhealthy,plantvillage,Grape___Leaf_blight_(Isariopsis_Leaf_Spot),diseased_leaf,pv:['Grape___Leaf_blight_(Isariopsis_Leaf_Spot):::134.0'],0,none,images/train/unhealthy/pv_55d38a6acb6bbc3f2b0c.jpg,320,240,80,217a3401309bdac43ad3bb970fbcb070f5f953e968210e050009045797408101
pv_55d38a6acb6bbc3f2b0c__aug01,pv_55d38a6acb6bbc3f2b0c,train,unhealthy,plantvillage,Grape___Leaf_blight_(Isariopsis_Leaf_Spot),diseased_leaf,pv:['Grape___Leaf_blight_(Isariopsis_Leaf_Spot):::134.0'],1,"{""horizontal_flip"":true,""zoom"":1.0456,""rotation_degrees"":1.026,""brightness"":0.976,""contrast"":0.855,""saturation"":0.9996,""blur_radius"":0.434,""noise_sigma"":4.284,""noise_seed"":3625470020,""jpeg_quality"":57}",images/train/unhealthy/pv_55d38a6acb6bbc3f2b0c__aug01.jpg,320,240,57,e05059988cf4943a6f02453ccfd9408d88aa6ad300a3ce4fa745c6d4780318a2
pv_eb6169b4b124081d58a7,pv_eb6169b4b124081d58a7,test,unhealthy,plantvillage,Grape___Leaf_blight_(Isariopsis_Leaf_Spot),diseased_leaf,pv:['Grape___Leaf_blight_(Isariopsis_Leaf_Spot):::182.0'],0,none,images/test/unhealthy/pv_eb6169b4b124081d58a7.jpg,320,240,80,6da745d5f52c4a979aad3ccd6d060f4f344a87f4567f2b036367b92c7d9eb268
pv_c01ffd01e95c3caa042e,pv_c01ffd01e95c3caa042e,validation,unhealthy,plantvillage,Orange___Haunglongbing_(Citrus_greening),diseased_leaf,pv:['Orange___Haunglongbing_(Citrus_greening):::91.0'],0,none,images/validation/unhealthy/pv_c01ffd01e95c3caa042e.jpg,320,240,80,36dd4ae0b09878ac59b709059bdb976bd52003297f56cd0b5d0bfa2e9df62e5b
pv_75b0db020993e10b6046,pv_75b0db020993e10b6046,train,unhealthy,plantvillage,Orange___Haunglongbing_(Citrus_greening),diseased_leaf,pv:['Orange___Haunglongbing_(Citrus_greening):::OCT_112.0'],0,none,images/train/unhealthy/pv_75b0db020993e10b6046.jpg,320,240,80,002c34850630b7bf97eab3f7a14a3b0bdb42496d1236c9a1e237ac15b5dbba79
pv_75b0db020993e10b6046__aug01,pv_75b0db020993e10b6046,train,unhealthy,plantvillage,Orange___Haunglongbing_(Citrus_greening),diseased_leaf,pv:['Orange___Haunglongbing_(Citrus_greening):::OCT_112.0'],1,"{""horizontal_flip"":true,""zoom"":1.1189,""rotation_degrees"":5.877,""brightness"":0.9656,""contrast"":1.0267,""saturation"":1.1382,""blur_radius"":0.405,""noise_sigma"":3.688,""noise_seed"":2145201130,""jpeg_quality"":50}",images/train/unhealthy/pv_75b0db020993e10b6046__aug01.jpg,320,240,50,2bf353ba07bc63ff26e66963d0326b10a4c8ffd56e420c28cfdd79bc910a193e
pv_6f5fb9e1e29822dee864,pv_6f5fb9e1e29822dee864,train,unhealthy,plantvillage,Orange___Haunglongbing_(Citrus_greening),diseased_leaf,pv:['Orange___Haunglongbing_(Citrus_greening):::66.0'],0,none,images/train/unhealthy/pv_6f5fb9e1e29822dee864.jpg,320,240,80,46fe35b21d5e295223c18c7bd1ae639b89ce5be5343e575c43ed1f525273bef3
pv_6f5fb9e1e29822dee864__aug01,pv_6f5fb9e1e29822dee864,train,unhealthy,plantvillage,Orange___Haunglongbing_(Citrus_greening),diseased_leaf,pv:['Orange___Haunglongbing_(Citrus_greening):::66.0'],1,"{""horizontal_flip"":false,""zoom"":1.0951,""rotation_degrees"":-3.823,""brightness"":1.0063,""contrast"":1.1346,""saturation"":0.9882,""blur_radius"":0.0,""noise_sigma"":2.753,""noise_seed"":1908526695,""jpeg_quality"":57}",images/train/unhealthy/pv_6f5fb9e1e29822dee864__aug01.jpg,320,240,57,81adfa57ec0b69bddc1c273c1d570ad3dbe41c9c484a8db7007a2f9a425e7461
pv_8e3558601a51b5588c92,pv_8e3558601a51b5588c92,test,unhealthy,plantvillage,Orange___Haunglongbing_(Citrus_greening),diseased_leaf,pv:['Orange___Haunglongbing_(Citrus_greening):::OCT_839.0'],0,none,images/test/unhealthy/pv_8e3558601a51b5588c92.jpg,320,240,80,248ef448fbf2b36ecd9ae8261409ffdb91bb9f395fccdb0459d348bd34d9d24c
pv_b9363e928814fb47cdee,pv_b9363e928814fb47cdee,train,unhealthy,plantvillage,Peach___Bacterial_spot,diseased_leaf,pv:['Peach___Bacterial_spot:::273.0'],0,none,images/train/unhealthy/pv_b9363e928814fb47cdee.jpg,320,240,80,22c89b3757ff30744c796ba2b84ff6a92a2df95c9764b8d9c28b9870353a1a6a
pv_b9363e928814fb47cdee__aug01,pv_b9363e928814fb47cdee,train,unhealthy,plantvillage,Peach___Bacterial_spot,diseased_leaf,pv:['Peach___Bacterial_spot:::273.0'],1,"{""horizontal_flip"":false,""zoom"":1.0671,""rotation_degrees"":-5.759,""brightness"":1.0275,""contrast"":1.0206,""saturation"":0.9792,""blur_radius"":0.649,""noise_sigma"":3.433,""noise_seed"":2905522285,""jpeg_quality"":55}",images/train/unhealthy/pv_b9363e928814fb47cdee__aug01.jpg,320,240,55,1e4491835c7dbd0c88d85505eded15fca4212ae9b58509fabe7078455e51f844
pv_e4f8eaa010438935816a,pv_e4f8eaa010438935816a,train,unhealthy,plantvillage,Peach___Bacterial_spot,diseased_leaf,pv:['Peach___Bacterial_spot:::80.0'],0,none,images/train/unhealthy/pv_e4f8eaa010438935816a.jpg,320,240,80,b7885c408966546feedc7f10a74f71312e7507ecfb62b557b19b4945c29e2124
pv_e4f8eaa010438935816a__aug01,pv_e4f8eaa010438935816a,train,unhealthy,plantvillage,Peach___Bacterial_spot,diseased_leaf,pv:['Peach___Bacterial_spot:::80.0'],1,"{""horizontal_flip"":false,""zoom"":1.0133,""rotation_degrees"":6.514,""brightness"":0.9943,""contrast"":0.993,""saturation"":0.7892,""blur_radius"":0.646,""noise_sigma"":5.763,""noise_seed"":3664385882,""jpeg_quality"":48}",images/train/unhealthy/pv_e4f8eaa010438935816a__aug01.jpg,320,240,48,3c3915afcaae619081263c779f21ddd5e21427b183af7a65113d5bcb6528f626
pv_34594fdadce9007f9a9d,pv_34594fdadce9007f9a9d,validation,unhealthy,plantvillage,Peach___Bacterial_spot,diseased_leaf,pv:['Peach___Bacterial_spot:::87.0'],0,none,images/validation/unhealthy/pv_34594fdadce9007f9a9d.jpg,320,240,80,7ec4531d6d5e2232c1246d57e6339a41a3d983df6c1fa93c65d7354ab989a3eb
pv_056cb0faf86a430d8eff,pv_056cb0faf86a430d8eff,test,unhealthy,plantvillage,Peach___Bacterial_spot,diseased_leaf,pv:['Peach___Bacterial_spot:::190.0'],0,none,images/test/unhealthy/pv_056cb0faf86a430d8eff.jpg,320,240,80,8c4c82b99e308929396d22dcb196726e1a03f40bed16193ea2f5a9c5fd196499
pv_69d910f1a5ee42f110c5,pv_69d910f1a5ee42f110c5,train,unhealthy,plantvillage,"Pepper,_bell___Bacterial_spot",diseased_leaf,"pv:['Pepper,_bell___Bacterial_spot:::19.0']",0,none,images/train/unhealthy/pv_69d910f1a5ee42f110c5.jpg,320,240,80,bdb56700545af80dc46ff3bbbd115a7299fa17a2b436cf81fa31af36a1ba5150
pv_69d910f1a5ee42f110c5__aug01,pv_69d910f1a5ee42f110c5,train,unhealthy,plantvillage,"Pepper,_bell___Bacterial_spot",diseased_leaf,"pv:['Pepper,_bell___Bacterial_spot:::19.0']",1,"{""horizontal_flip"":false,""zoom"":1.0816,""rotation_degrees"":-5.027,""brightness"":1.1281,""contrast"":0.9444,""saturation"":0.8399,""blur_radius"":0.0,""noise_sigma"":3.114,""noise_seed"":891405046,""jpeg_quality"":68}",images/train/unhealthy/pv_69d910f1a5ee42f110c5__aug01.jpg,320,240,68,992c33b7d08ee40a2de54128c3044998af10066ecea68989d7bdf1fa26504eff
pv_0f79986bce86fac6ac92,pv_0f79986bce86fac6ac92,test,unhealthy,plantvillage,"Pepper,_bell___Bacterial_spot",diseased_leaf,"pv:['Pepper,_bell___Bacterial_spot:::79.0']",0,none,images/test/unhealthy/pv_0f79986bce86fac6ac92.jpg,320,240,80,6e5b2d0b9eba48c3eb15cebbc0ff2c422a5df875d5d6e0c90ba2a4dfaab4f767
pv_22da4f6c1ab5ad3aa7bb,pv_22da4f6c1ab5ad3aa7bb,train,unhealthy,plantvillage,"Pepper,_bell___Bacterial_spot",diseased_leaf,"pv:['Pepper,_bell___Bacterial_spot:::24.0']",0,none,images/train/unhealthy/pv_22da4f6c1ab5ad3aa7bb.jpg,320,240,80,e22efe20f09555248c7ed62393dd49363e5521e136bad09adc5086f23f63e79a
pv_22da4f6c1ab5ad3aa7bb__aug01,pv_22da4f6c1ab5ad3aa7bb,train,unhealthy,plantvillage,"Pepper,_bell___Bacterial_spot",diseased_leaf,"pv:['Pepper,_bell___Bacterial_spot:::24.0']",1,"{""horizontal_flip"":true,""zoom"":1.0751,""rotation_degrees"":-6.593,""brightness"":0.9152,""contrast"":1.0237,""saturation"":0.9886,""blur_radius"":0.0,""noise_sigma"":4.915,""noise_seed"":3302170736,""jpeg_quality"":71}",images/train/unhealthy/pv_22da4f6c1ab5ad3aa7bb__aug01.jpg,320,240,71,ebb07cf6c69b08e7c12d8817779b42cd640669acd37a02a66dfb6afa01d24ec7
pv_ae3abee85800fba27de7,pv_ae3abee85800fba27de7,validation,unhealthy,plantvillage,"Pepper,_bell___Bacterial_spot",diseased_leaf,"pv:['Pepper,_bell___Bacterial_spot:::JR_14.0']",0,none,images/validation/unhealthy/pv_ae3abee85800fba27de7.jpg,320,240,80,e3bf206b9c30c9b17561b153caa21710f90b13c7d7ef7d9e37b8a47575704cf1
pv_7ea03d7be2ea3660d415,pv_7ea03d7be2ea3660d415,test,unhealthy,plantvillage,Potato___Early_blight,diseased_leaf,pv:['Potato___Early_blight:::90.0'],0,none,images/test/unhealthy/pv_7ea03d7be2ea3660d415.jpg,320,240,80,dd4161d50d376b81dc8e729b3c74ea8c9ca9e430137316a2dbcc617388e99c48
pv_e870cc222ba87d463bb1,pv_e870cc222ba87d463bb1,train,unhealthy,plantvillage,Potato___Early_blight,diseased_leaf,pv:['Potato___Early_blight:::66.0'],0,none,images/train/unhealthy/pv_e870cc222ba87d463bb1.jpg,320,240,80,6e6a30d2f4d8252753a3d8ec38feae212c3997fef5c2a092f79c499984f8489e
pv_e870cc222ba87d463bb1__aug01,pv_e870cc222ba87d463bb1,train,unhealthy,plantvillage,Potato___Early_blight,diseased_leaf,pv:['Potato___Early_blight:::66.0'],1,"{""horizontal_flip"":false,""zoom"":1.0435,""rotation_degrees"":-2.881,""brightness"":1.0263,""contrast"":1.0469,""saturation"":1.1147,""blur_radius"":0.0,""noise_sigma"":2.472,""noise_seed"":4203679035,""jpeg_quality"":48}",images/train/unhealthy/pv_e870cc222ba87d463bb1__aug01.jpg,320,240,48,bbcf0163e5ff0c8b90e281ce10b6d759eee99b304ab619191a7e20a40bf7c4d4
pv_295190ebc5912b0ef420,pv_295190ebc5912b0ef420,train,unhealthy,plantvillage,Potato___Early_blight,diseased_leaf,pv:['Potato___Early_blight:::134.0'],0,none,images/train/unhealthy/pv_295190ebc5912b0ef420.jpg,320,240,80,06eb03b60c47a6511b2386e4baa4bd0cd68676d4a314c0dc950b997849958ef1
pv_295190ebc5912b0ef420__aug01,pv_295190ebc5912b0ef420,train,unhealthy,plantvillage,Potato___Early_blight,diseased_leaf,pv:['Potato___Early_blight:::134.0'],1,"{""horizontal_flip"":false,""zoom"":1.0847,""rotation_degrees"":-2.987,""brightness"":0.9491,""contrast"":0.9616,""saturation"":0.879,""blur_radius"":0.0,""noise_sigma"":4.817,""noise_seed"":2088693453,""jpeg_quality"":61}",images/train/unhealthy/pv_295190ebc5912b0ef420__aug01.jpg,320,240,61,13c7558f7de59de104f137e4dfb927153f49bc35fae0ca59f4f12a881ec6e89f
pv_da7145e33b77ae6b53ef,pv_da7145e33b77ae6b53ef,validation,unhealthy,plantvillage,Potato___Early_blight,diseased_leaf,pv:['Potato___Early_blight:::58.0'],0,none,images/validation/unhealthy/pv_da7145e33b77ae6b53ef.jpg,320,240,80,e1c8260703a05e7785901b3a566173343271cd67ade76a3faa2bcdab068cc34e
pv_c70113d5095ff5151758,pv_c70113d5095ff5151758,train,unhealthy,plantvillage,Potato___Late_blight,diseased_leaf,pv:['Potato___Late_blight:::82.0'],0,none,images/train/unhealthy/pv_c70113d5095ff5151758.jpg,320,240,80,abc176f107622154f39840677a32988321506b3c4764fdaefa2493bc07b65447
pv_c70113d5095ff5151758__aug01,pv_c70113d5095ff5151758,train,unhealthy,plantvillage,Potato___Late_blight,diseased_leaf,pv:['Potato___Late_blight:::82.0'],1,"{""horizontal_flip"":true,""zoom"":1.0104,""rotation_degrees"":6.778,""brightness"":1.1709,""contrast"":0.8385,""saturation"":1.0315,""blur_radius"":0.0,""noise_sigma"":3.17,""noise_seed"":3548269228,""jpeg_quality"":57}",images/train/unhealthy/pv_c70113d5095ff5151758__aug01.jpg,320,240,57,8a732016c546cdcf10f0cc1867140cffc93b5cb5eccaf278e70da320f4185577
pv_12d48c8fcc15ad20e20a,pv_12d48c8fcc15ad20e20a,train,unhealthy,plantvillage,Potato___Late_blight,diseased_leaf,pv:['Potato___Late_blight:::221.0'],0,none,images/train/unhealthy/pv_12d48c8fcc15ad20e20a.jpg,320,240,80,5540696357ab2570e1aff6df766801237334adf6f6c46a272802885665b7fa9d
pv_12d48c8fcc15ad20e20a__aug01,pv_12d48c8fcc15ad20e20a,train,unhealthy,plantvillage,Potato___Late_blight,diseased_leaf,pv:['Potato___Late_blight:::221.0'],1,"{""horizontal_flip"":true,""zoom"":1.0009,""rotation_degrees"":-6.632,""brightness"":1.1561,""contrast"":1.0523,""saturation"":1.1419,""blur_radius"":0.0,""noise_sigma"":5.235,""noise_seed"":2972846502,""jpeg_quality"":61}",images/train/unhealthy/pv_12d48c8fcc15ad20e20a__aug01.jpg,320,240,61,23a36db2d3107230f14b150a0a234e352db0d6900680966c2f35c4b3f8358294
pv_c63aca2d11ebe35122fc,pv_c63aca2d11ebe35122fc,validation,unhealthy,plantvillage,Potato___Late_blight,diseased_leaf,pv:['Potato___Late_blight:::78.0'],0,none,images/validation/unhealthy/pv_c63aca2d11ebe35122fc.jpg,320,240,80,b8e54f8304de26e50ab5deb9c0dea00467d7171153f06db8eacf1128e3a0c0e1
pv_e525adbcf01ab2c3879b,pv_e525adbcf01ab2c3879b,test,unhealthy,plantvillage,Potato___Late_blight,diseased_leaf,pv:['Potato___Late_blight:::87.0'],0,none,images/test/unhealthy/pv_e525adbcf01ab2c3879b.jpg,320,240,80,e60e7eb5dc69b94b41258ed057f11c9b1e099a83933ec1434e73c72227669cb6
pv_1a31c166c545567e09df,pv_1a31c166c545567e09df,test,unhealthy,plantvillage,Squash___Powdery_mildew,diseased_leaf,pv:Squash___Powdery_mildew:a800829c-8dc7-47c9-9693-535e5578bb62,0,none,images/test/unhealthy/pv_1a31c166c545567e09df.jpg,320,240,80,17f550d1c6b227c4d7bce4cbace15ec1a36862d6cb05d645467a8d71e7af03d7
pv_731af13e296b97b392cc,pv_731af13e296b97b392cc,validation,unhealthy,plantvillage,Squash___Powdery_mildew,diseased_leaf,pv:Squash___Powdery_mildew:5568d02b-e83d-4a0e-b6f4-3662d5520a09,0,none,images/validation/unhealthy/pv_731af13e296b97b392cc.jpg,320,240,80,c28c1e5e7064c19a1e289d08c7f48ec5657fa890f8d0eb60ccc06c56a1d78b1c
pv_7d9519ff8430139d1d78,pv_7d9519ff8430139d1d78,train,unhealthy,plantvillage,Squash___Powdery_mildew,diseased_leaf,pv:Squash___Powdery_mildew:3162db9e-8b36-4685-85d2-ec6672398b54,0,none,images/train/unhealthy/pv_7d9519ff8430139d1d78.jpg,320,240,80,51119797cad4e91cc6b84143c62eb5510f2df1408c23303c71557f1bcba417a8
pv_7d9519ff8430139d1d78__aug01,pv_7d9519ff8430139d1d78,train,unhealthy,plantvillage,Squash___Powdery_mildew,diseased_leaf,pv:Squash___Powdery_mildew:3162db9e-8b36-4685-85d2-ec6672398b54,1,"{""horizontal_flip"":false,""zoom"":1.03,""rotation_degrees"":-6.873,""brightness"":1.0885,""contrast"":1.1574,""saturation"":0.864,""blur_radius"":0.0,""noise_sigma"":4.049,""noise_seed"":1597073605,""jpeg_quality"":71}",images/train/unhealthy/pv_7d9519ff8430139d1d78__aug01.jpg,320,240,71,0d04782a5ae33cd6681dc0ecd9a90fa46c6c3b29e168a47b84b4fec9260348a3
pv_7056fa31a14d47ed45f3,pv_7056fa31a14d47ed45f3,train,unhealthy,plantvillage,Squash___Powdery_mildew,diseased_leaf,pv:Squash___Powdery_mildew:dfa9eb7a-6d7e-48f6-ba80-411f204270bf,0,none,images/train/unhealthy/pv_7056fa31a14d47ed45f3.jpg,320,240,80,bc02b6c4446264b4df9c0b01c2a6c4d790dd6e6eb11ac2d75daabe6aa3de8a32
pv_7056fa31a14d47ed45f3__aug01,pv_7056fa31a14d47ed45f3,train,unhealthy,plantvillage,Squash___Powdery_mildew,diseased_leaf,pv:Squash___Powdery_mildew:dfa9eb7a-6d7e-48f6-ba80-411f204270bf,1,"{""horizontal_flip"":true,""zoom"":1.0503,""rotation_degrees"":3.46,""brightness"":0.9268,""contrast"":0.8684,""saturation"":1.0691,""blur_radius"":0.0,""noise_sigma"":2.871,""noise_seed"":452709162,""jpeg_quality"":64}",images/train/unhealthy/pv_7056fa31a14d47ed45f3__aug01.jpg,320,240,64,31c4a8859280067b9f66facbfb94037eaa26758c64d777b5959eb68d4688d77e
pv_ab966518db5db82c5951,pv_ab966518db5db82c5951,train,unhealthy,plantvillage,Strawberry___Leaf_scorch,diseased_leaf,pv:['Strawberry___Leaf_scorch:::35.0'],0,none,images/train/unhealthy/pv_ab966518db5db82c5951.jpg,320,240,80,273f74421c9ea37379390bf9d380a5d87cd84998f53d93170aa7a46b8c7dc886
pv_ab966518db5db82c5951__aug01,pv_ab966518db5db82c5951,train,unhealthy,plantvillage,Strawberry___Leaf_scorch,diseased_leaf,pv:['Strawberry___Leaf_scorch:::35.0'],1,"{""horizontal_flip"":false,""zoom"":1.0511,""rotation_degrees"":-7.463,""brightness"":0.9204,""contrast"":0.8496,""saturation"":0.9624,""blur_radius"":0.0,""noise_sigma"":5.404,""noise_seed"":1864824108,""jpeg_quality"":52}",images/train/unhealthy/pv_ab966518db5db82c5951__aug01.jpg,320,240,52,c33c49e1b043e1b6d141eb44e51ab8f382d61cc38f9b7fab4d49253c23a8af36
pv_1c881958cddff35fe6cd,pv_1c881958cddff35fe6cd,validation,unhealthy,plantvillage,Strawberry___Leaf_scorch,diseased_leaf,pv:['Strawberry___Leaf_scorch:::9.0'],0,none,images/validation/unhealthy/pv_1c881958cddff35fe6cd.jpg,320,240,80,32a4e85a9924013adb7b5f34d7cc3b5011e2325f6f7fdc184d1fb09de4805200
pv_e59cfba2c12910f2fd21,pv_e59cfba2c12910f2fd21,train,unhealthy,plantvillage,Strawberry___Leaf_scorch,diseased_leaf,pv:['Strawberry___Leaf_scorch:::16.0'],0,none,images/train/unhealthy/pv_e59cfba2c12910f2fd21.jpg,320,240,80,24799668168722e5b927c455f4480a3ea3cbaf9fa6a1485ac07f2d19f4f40ffb
pv_e59cfba2c12910f2fd21__aug01,pv_e59cfba2c12910f2fd21,train,unhealthy,plantvillage,Strawberry___Leaf_scorch,diseased_leaf,pv:['Strawberry___Leaf_scorch:::16.0'],1,"{""horizontal_flip"":true,""zoom"":1.0183,""rotation_degrees"":6.818,""brightness"":1.1322,""contrast"":0.8337,""saturation"":0.8473,""blur_radius"":0.0,""noise_sigma"":4.227,""noise_seed"":2253313966,""jpeg_quality"":72}",images/train/unhealthy/pv_e59cfba2c12910f2fd21__aug01.jpg,320,240,72,b7fbfca0f026b7c6af75290ce27dd7bc29bd84db32c12c6ec1eb2bbbc984534e
pv_ec83f0c397cb1ffc87c9,pv_ec83f0c397cb1ffc87c9,test,unhealthy,plantvillage,Strawberry___Leaf_scorch,diseased_leaf,pv:Strawberry___Leaf_scorch:bb3cab0d-06e2-48fa-ad53-283d17cfe682,0,none,images/test/unhealthy/pv_ec83f0c397cb1ffc87c9.jpg,320,240,80,13e476bf4b1c0587c519feb5a43f6aaedf2925e9cee79d501448861b70397fae
pv_2c8e76b055c9708551c8,pv_2c8e76b055c9708551c8,train,unhealthy,plantvillage,Tomato___Bacterial_spot,diseased_leaf,pv:['Tomato___Bacterial_spot:::419.0'],0,none,images/train/unhealthy/pv_2c8e76b055c9708551c8.jpg,320,240,80,4eee4bf618deabd48a83069100b900fac2144cef9a98967f43dfe96177f0cbbf
pv_2c8e76b055c9708551c8__aug01,pv_2c8e76b055c9708551c8,train,unhealthy,plantvillage,Tomato___Bacterial_spot,diseased_leaf,pv:['Tomato___Bacterial_spot:::419.0'],1,"{""horizontal_flip"":false,""zoom"":1.1007,""rotation_degrees"":0.036,""brightness"":1.1446,""contrast"":0.9687,""saturation"":1.144,""blur_radius"":0.0,""noise_sigma"":3.826,""noise_seed"":127773621,""jpeg_quality"":52}",images/train/unhealthy/pv_2c8e76b055c9708551c8__aug01.jpg,320,240,52,d26ee15dcf285e1e9652121b979b368e2b9c3db8114af627ec81f5ad9a46851f
pv_37ec367b99d8f736df7f,pv_37ec367b99d8f736df7f,test,unhealthy,plantvillage,Tomato___Bacterial_spot,diseased_leaf,pv:['Tomato___Bacterial_spot:::455.0'],0,none,images/test/unhealthy/pv_37ec367b99d8f736df7f.jpg,320,240,80,a78a69bd93111fe5ddb184d58cdbd13746a44ec653f3adff0b271d1a3fd47a87
pv_7f49a7067601891deaaf,pv_7f49a7067601891deaaf,validation,unhealthy,plantvillage,Tomato___Bacterial_spot,diseased_leaf,pv:['Tomato___Bacterial_spot:::194.0'],0,none,images/validation/unhealthy/pv_7f49a7067601891deaaf.jpg,320,240,80,c60cd138d96d200d44230d43db3aa0a90b29745822aae412f670554415248c31
pv_d083677963794eef8ff8,pv_d083677963794eef8ff8,train,unhealthy,plantvillage,Tomato___Bacterial_spot,diseased_leaf,pv:['Tomato___Bacterial_spot:::470.0'],0,none,images/train/unhealthy/pv_d083677963794eef8ff8.jpg,320,240,80,08ce18ffd4fb5ef6a60cadbc3e7ebc36bbda988cff156ad58adf7fd15441d7b9
pv_d083677963794eef8ff8__aug01,pv_d083677963794eef8ff8,train,unhealthy,plantvillage,Tomato___Bacterial_spot,diseased_leaf,pv:['Tomato___Bacterial_spot:::470.0'],1,"{""horizontal_flip"":false,""zoom"":1.0274,""rotation_degrees"":-2.765,""brightness"":1.1149,""contrast"":1.0256,""saturation"":1.139,""blur_radius"":0.0,""noise_sigma"":2.945,""noise_seed"":4166507642,""jpeg_quality"":50}",images/train/unhealthy/pv_d083677963794eef8ff8__aug01.jpg,320,240,50,5126c0b4246ba369c0feee1f6d27f948e881f5fe5b46d4f32f964457df9d3269
pv_2227740b5100c1c53556,pv_2227740b5100c1c53556,validation,unhealthy,plantvillage,Tomato___Early_blight,diseased_leaf,pv:['Tomato___Early_blight:::230.0'],0,none,images/validation/unhealthy/pv_2227740b5100c1c53556.jpg,320,240,80,62d82165270b055d6608ae1c0093eb9c47d3414ce01014f4a1a8ceacb0cff511
pv_79e188beff594e750af1,pv_79e188beff594e750af1,test,unhealthy,plantvillage,Tomato___Early_blight,diseased_leaf,pv:['Tomato___Early_blight:::136.0'],0,none,images/test/unhealthy/pv_79e188beff594e750af1.jpg,320,240,80,78509ec675af980d3728868ceccc0ae7155449035eaf2e40aebb8f36f2fa6376
pv_fd1aa2114f07d6a2083f,pv_fd1aa2114f07d6a2083f,train,unhealthy,plantvillage,Tomato___Early_blight,diseased_leaf,pv:['Tomato___Early_blight:::162.0'],0,none,images/train/unhealthy/pv_fd1aa2114f07d6a2083f.jpg,320,240,80,c057cd50e37b893909d0bbc5d98af20d47dd78e0e522605920bde0a05c0a30c1
pv_fd1aa2114f07d6a2083f__aug01,pv_fd1aa2114f07d6a2083f,train,unhealthy,plantvillage,Tomato___Early_blight,diseased_leaf,pv:['Tomato___Early_blight:::162.0'],1,"{""horizontal_flip"":true,""zoom"":1.0134,""rotation_degrees"":-4.558,""brightness"":0.9426,""contrast"":1.1434,""saturation"":1.1091,""blur_radius"":0.0,""noise_sigma"":3.578,""noise_seed"":2024097320,""jpeg_quality"":70}",images/train/unhealthy/pv_fd1aa2114f07d6a2083f__aug01.jpg,320,240,70,e5008ae2e33cbdd7c5693a60fd4ee84edac24de9ec9d46b985383231bef50e28
pv_21d7010f7e2b69f5d944,pv_21d7010f7e2b69f5d944,train,unhealthy,plantvillage,Tomato___Early_blight,diseased_leaf,pv:['Tomato___Early_blight:::195.0'],0,none,images/train/unhealthy/pv_21d7010f7e2b69f5d944.jpg,320,240,80,d54b1ee6fc0e8be19cdbfcc3be9522d9bd54b731ab77cbfea220a1d581d94f5d
pv_21d7010f7e2b69f5d944__aug01,pv_21d7010f7e2b69f5d944,train,unhealthy,plantvillage,Tomato___Early_blight,diseased_leaf,pv:['Tomato___Early_blight:::195.0'],1,"{""horizontal_flip"":false,""zoom"":1.0479,""rotation_degrees"":-1.648,""brightness"":0.9199,""contrast"":0.9656,""saturation"":0.8789,""blur_radius"":0.0,""noise_sigma"":3.997,""noise_seed"":3227628036,""jpeg_quality"":66}",images/train/unhealthy/pv_21d7010f7e2b69f5d944__aug01.jpg,320,240,66,e0905788e7cc60e8f03d527917b13ef6da4fa0202044d1c35b016b195f72da04
pv_aa2d69dc9cc8e12944be,pv_aa2d69dc9cc8e12944be,validation,unhealthy,plantvillage,Tomato___Late_blight,diseased_leaf,pv:['Tomato___Late_blight:::12.0'],0,none,images/validation/unhealthy/pv_aa2d69dc9cc8e12944be.jpg,320,240,80,9b925c86984f673cac309c8472c9abdfa697dcdd719f0225de58d6103269e922
pv_8f3e61c09e0a93662341,pv_8f3e61c09e0a93662341,test,unhealthy,plantvillage,Tomato___Late_blight,diseased_leaf,pv:['Tomato___Late_blight:::104.0'],0,none,images/test/unhealthy/pv_8f3e61c09e0a93662341.jpg,320,240,80,bc9e0e85a0d3126e6fb640037113a2b038c54c2aa54bea58d0d50dca55fc22a7
pv_15c5b811019c27d5cbab,pv_15c5b811019c27d5cbab,train,unhealthy,plantvillage,Tomato___Late_blight,diseased_leaf,pv:['Tomato___Late_blight:::41.0'],0,none,images/train/unhealthy/pv_15c5b811019c27d5cbab.jpg,320,240,80,a0a34b4d2c26541b849a303f01435e7d077e7cbbd21b7d30125d009fc2261771
pv_15c5b811019c27d5cbab__aug01,pv_15c5b811019c27d5cbab,train,unhealthy,plantvillage,Tomato___Late_blight,diseased_leaf,pv:['Tomato___Late_blight:::41.0'],1,"{""horizontal_flip"":true,""zoom"":1.0321,""rotation_degrees"":-5.414,""brightness"":1.0012,""contrast"":1.0675,""saturation"":0.883,""blur_radius"":0.699,""noise_sigma"":3.442,""noise_seed"":2361273898,""jpeg_quality"":54}",images/train/unhealthy/pv_15c5b811019c27d5cbab__aug01.jpg,320,240,54,65c86b458e4f18f8770fcf27fbd3c534370f67a067a2f1694fe16532ca9a88ef
pv_3611bce1190e086a6476,pv_3611bce1190e086a6476,train,unhealthy,plantvillage,Tomato___Late_blight,diseased_leaf,pv:['Tomato___Late_blight:::206.0'],0,none,images/train/unhealthy/pv_3611bce1190e086a6476.jpg,320,240,80,efb9cddc3baed58d6c1641dc79efa61f98a6de60e4b614c624ea6acec58587dc
pv_3611bce1190e086a6476__aug01,pv_3611bce1190e086a6476,train,unhealthy,plantvillage,Tomato___Late_blight,diseased_leaf,pv:['Tomato___Late_blight:::206.0'],1,"{""horizontal_flip"":false,""zoom"":1.0717,""rotation_degrees"":4.006,""brightness"":1.0178,""contrast"":0.9273,""saturation"":0.7971,""blur_radius"":0.0,""noise_sigma"":5.269,""noise_seed"":1792773983,""jpeg_quality"":67}",images/train/unhealthy/pv_3611bce1190e086a6476__aug01.jpg,320,240,67,4fd52718a245e095517d90869b8248e246c60f9043cae63520d7d5364bb9cc88
pv_bec646f9c133e5413dde,pv_bec646f9c133e5413dde,validation,unhealthy,plantvillage,Tomato___Leaf_Mold,diseased_leaf,pv:['Tomato___Leaf_Mold:::230.0'],0,none,images/validation/unhealthy/pv_bec646f9c133e5413dde.jpg,320,240,80,fc669da44dfa4318c2e7b0f633dec1be256913f49bb648a819376c5bc09920bc
pv_da8a657c7b16147639b6,pv_da8a657c7b16147639b6,train,unhealthy,plantvillage,Tomato___Leaf_Mold,diseased_leaf,pv:['Tomato___Leaf_Mold:::173.0'],0,none,images/train/unhealthy/pv_da8a657c7b16147639b6.jpg,320,240,80,247887df2a228577de126600efe4142f4adfc4acb3d90d96ce62eae679e05a22
pv_da8a657c7b16147639b6__aug01,pv_da8a657c7b16147639b6,train,unhealthy,plantvillage,Tomato___Leaf_Mold,diseased_leaf,pv:['Tomato___Leaf_Mold:::173.0'],1,"{""horizontal_flip"":true,""zoom"":1.0594,""rotation_degrees"":5.501,""brightness"":0.8921,""contrast"":1.1563,""saturation"":0.8514,""blur_radius"":0.0,""noise_sigma"":4.924,""noise_seed"":3357081848,""jpeg_quality"":72}",images/train/unhealthy/pv_da8a657c7b16147639b6__aug01.jpg,320,240,72,81e59f692100eba36f6b636b1177a49b649d5affd600988286b57e8f255c8074
pv_4059994026c1d6dda8a0,pv_4059994026c1d6dda8a0,train,unhealthy,plantvillage,Tomato___Leaf_Mold,diseased_leaf,pv:['Tomato___Leaf_Mold:::141.0'],0,none,images/train/unhealthy/pv_4059994026c1d6dda8a0.jpg,320,240,80,792024b740ffb157daf9d71d089b2705c1506f9e6faa0fa7811f66861e88ebbd
pv_4059994026c1d6dda8a0__aug01,pv_4059994026c1d6dda8a0,train,unhealthy,plantvillage,Tomato___Leaf_Mold,diseased_leaf,pv:['Tomato___Leaf_Mold:::141.0'],1,"{""horizontal_flip"":false,""zoom"":1.086,""rotation_degrees"":5.825,""brightness"":0.9555,""contrast"":1.0984,""saturation"":0.9633,""blur_radius"":0.631,""noise_sigma"":3.216,""noise_seed"":1989576439,""jpeg_quality"":71}",images/train/unhealthy/pv_4059994026c1d6dda8a0__aug01.jpg,320,240,71,025880b5d07031f70a88b8129c15ab983986bf5ef38ab8284abb4c4792a88c48
pv_0284a8c396bdbbc98f99,pv_0284a8c396bdbbc98f99,test,unhealthy,plantvillage,Tomato___Leaf_Mold,diseased_leaf,pv:['Tomato___Leaf_Mold:::231.0'],0,none,images/test/unhealthy/pv_0284a8c396bdbbc98f99.jpg,320,240,80,9296046ad7052c8f0d98632082fb29355320c84dd60140293f35a1a76adb96c5
pv_961c93e9f1d7b3fb658b,pv_961c93e9f1d7b3fb658b,train,unhealthy,plantvillage,Tomato___Septoria_leaf_spot,diseased_leaf,pv:['Tomato___Septoria_leaf_spot:::22.0'],0,none,images/train/unhealthy/pv_961c93e9f1d7b3fb658b.jpg,320,240,80,65b2cb78bb2b66f35e6b489890a8adcc412f8f6fa9434a61288178cc58959c56
pv_961c93e9f1d7b3fb658b__aug01,pv_961c93e9f1d7b3fb658b,train,unhealthy,plantvillage,Tomato___Septoria_leaf_spot,diseased_leaf,pv:['Tomato___Septoria_leaf_spot:::22.0'],1,"{""horizontal_flip"":false,""zoom"":1.0728,""rotation_degrees"":-6.083,""brightness"":1.0309,""contrast"":0.9529,""saturation"":0.8691,""blur_radius"":0.0,""noise_sigma"":5.444,""noise_seed"":555468704,""jpeg_quality"":58}",images/train/unhealthy/pv_961c93e9f1d7b3fb658b__aug01.jpg,320,240,58,7b569a5b02a0e2d2284055b773b1b86484fd88d3cd6fe6e8558613952cc98b17
pv_3e2895467b508f04f5f6,pv_3e2895467b508f04f5f6,validation,unhealthy,plantvillage,Tomato___Septoria_leaf_spot,diseased_leaf,pv:['Tomato___Septoria_leaf_spot:::227.0'],0,none,images/validation/unhealthy/pv_3e2895467b508f04f5f6.jpg,320,240,80,78e7f81cee46f6a820d0c123c370f2e91d23a57ff536e0b84fbc40125066fcd7
pv_2ba08503488225319a2d,pv_2ba08503488225319a2d,test,unhealthy,plantvillage,Tomato___Septoria_leaf_spot,diseased_leaf,pv:Tomato___Septoria_leaf_spot:544fbdc4-17a2-45c8-847d-fd31731a9d25,0,none,images/test/unhealthy/pv_2ba08503488225319a2d.jpg,320,240,80,87addf019b6a858d7fb90fbac1ecd7a8de6143b09793a159b674cd4020156536
pv_8043507aa83adedc3340,pv_8043507aa83adedc3340,train,unhealthy,plantvillage,Tomato___Septoria_leaf_spot,diseased_leaf,pv:['Tomato___Septoria_leaf_spot:::135.0'],0,none,images/train/unhealthy/pv_8043507aa83adedc3340.jpg,320,240,80,3a2266746eaf6d805ad3776b2011fb7581cf664b176d6d6f00e225121259d330
pv_8043507aa83adedc3340__aug01,pv_8043507aa83adedc3340,train,unhealthy,plantvillage,Tomato___Septoria_leaf_spot,diseased_leaf,pv:['Tomato___Septoria_leaf_spot:::135.0'],1,"{""horizontal_flip"":false,""zoom"":1.0424,""rotation_degrees"":-2.175,""brightness"":1.0739,""contrast"":1.0731,""saturation"":1.1521,""blur_radius"":0.0,""noise_sigma"":5.518,""noise_seed"":2532439581,""jpeg_quality"":52}",images/train/unhealthy/pv_8043507aa83adedc3340__aug01.jpg,320,240,52,a33b3b39635c8bb017ed07eebb2cad8165c8113eb889b287b0ab7a831f8cacbd
pv_e566cffefff4a2b53d27,pv_e566cffefff4a2b53d27,train,unhealthy,plantvillage,Tomato___Spider_mites Two-spotted_spider_mite,diseased_leaf,pv:['Tomato___Spider_mites Two-spotted_spider_mite:::327.0'],0,none,images/train/unhealthy/pv_e566cffefff4a2b53d27.jpg,320,240,80,990f9041bb6c4b6b35c640f8a6659534370de65357aec8254db3b9ffb47cdee2
pv_e566cffefff4a2b53d27__aug01,pv_e566cffefff4a2b53d27,train,unhealthy,plantvillage,Tomato___Spider_mites Two-spotted_spider_mite,diseased_leaf,pv:['Tomato___Spider_mites Two-spotted_spider_mite:::327.0'],1,"{""horizontal_flip"":false,""zoom"":1.0328,""rotation_degrees"":2.016,""brightness"":0.9462,""contrast"":0.8504,""saturation"":0.827,""blur_radius"":0.0,""noise_sigma"":5.814,""noise_seed"":714887696,""jpeg_quality"":63}",images/train/unhealthy/pv_e566cffefff4a2b53d27__aug01.jpg,320,240,63,840b62d57470801e5c12b8f1677b33cd44c822d31794d278884035ca931c6bd0
pv_c3115cb9a112310aa881,pv_c3115cb9a112310aa881,validation,unhealthy,plantvillage,Tomato___Spider_mites Two-spotted_spider_mite,diseased_leaf,pv:['Tomato___Spider_mites Two-spotted_spider_mite:::411.0'],0,none,images/validation/unhealthy/pv_c3115cb9a112310aa881.jpg,320,240,80,bca07578195e2cb01a3607699cf0a2eb8cd68428cbe3f06816f62326d52cc473
pv_6b0e59f02d0518e1ce04,pv_6b0e59f02d0518e1ce04,train,unhealthy,plantvillage,Tomato___Spider_mites Two-spotted_spider_mite,diseased_leaf,pv:['Tomato___Spider_mites Two-spotted_spider_mite:::232.0'],0,none,images/train/unhealthy/pv_6b0e59f02d0518e1ce04.jpg,320,240,80,be052a4f99cb75cc4316c973e295f7dbb61c27e72dba3b7ec98a9f603cf747b6
pv_6b0e59f02d0518e1ce04__aug01,pv_6b0e59f02d0518e1ce04,train,unhealthy,plantvillage,Tomato___Spider_mites Two-spotted_spider_mite,diseased_leaf,pv:['Tomato___Spider_mites Two-spotted_spider_mite:::232.0'],1,"{""horizontal_flip"":false,""zoom"":1.0403,""rotation_degrees"":3.586,""brightness"":1.1464,""contrast"":0.8665,""saturation"":0.8946,""blur_radius"":0.0,""noise_sigma"":5.389,""noise_seed"":2136159592,""jpeg_quality"":52}",images/train/unhealthy/pv_6b0e59f02d0518e1ce04__aug01.jpg,320,240,52,f5004519d4c4a06d37486c5f00b2e801fd1e987e1dcd4c6bab2916d44e28eb00
pv_ad4084e683edae5d8c18,pv_ad4084e683edae5d8c18,test,unhealthy,plantvillage,Tomato___Spider_mites Two-spotted_spider_mite,diseased_leaf,pv:['Tomato___Spider_mites Two-spotted_spider_mite:::43.0'],0,none,images/test/unhealthy/pv_ad4084e683edae5d8c18.jpg,320,240,80,fafdd03f10e23dd1f1afc98f07a4dbd34445623fa0c404ccc22051c698f6dd28
pv_ef0b064c10b79bf75175,pv_ef0b064c10b79bf75175,validation,unhealthy,plantvillage,Tomato___Target_Spot,diseased_leaf,pv:Tomato___Target_Spot:831b4c22-17fe-4241-8515-998650421d31,0,none,images/validation/unhealthy/pv_ef0b064c10b79bf75175.jpg,320,240,80,b8d139892e9f11763dfe132cf1bf8ac03112eb457a3e109f9adbaf17f7007e10
pv_d5d4450dc4ec7450c032,pv_d5d4450dc4ec7450c032,train,unhealthy,plantvillage,Tomato___Target_Spot,diseased_leaf,pv:Tomato___Target_Spot:a22c1ee8-6ad5-44e3-adb4-2e0223b3fa2b,0,none,images/train/unhealthy/pv_d5d4450dc4ec7450c032.jpg,320,240,80,dfd01d3aa3037ee8e5cc8be270f78fca6383ff0fcd85760e817da553a698bd11
pv_d5d4450dc4ec7450c032__aug01,pv_d5d4450dc4ec7450c032,train,unhealthy,plantvillage,Tomato___Target_Spot,diseased_leaf,pv:Tomato___Target_Spot:a22c1ee8-6ad5-44e3-adb4-2e0223b3fa2b,1,"{""horizontal_flip"":true,""zoom"":1.0172,""rotation_degrees"":-4.938,""brightness"":1.1052,""contrast"":0.9825,""saturation"":1.1034,""blur_radius"":0.0,""noise_sigma"":5.624,""noise_seed"":2867128407,""jpeg_quality"":59}",images/train/unhealthy/pv_d5d4450dc4ec7450c032__aug01.jpg,320,240,59,3dc85d765b9d88965daab43b7f7b888cc6495b7d040f942395967d038f545de5
pv_8a3cb9ba2693b0d7ff73,pv_8a3cb9ba2693b0d7ff73,train,unhealthy,plantvillage,Tomato___Target_Spot,diseased_leaf,pv:Tomato___Target_Spot:7fff26be-4802-4778-97cf-96d5a9e4f127,0,none,images/train/unhealthy/pv_8a3cb9ba2693b0d7ff73.jpg,320,240,80,d819302e9b0a31b48fd44fe8375bcc5b395de204e82fa8151def37f5fb60bdc5
pv_8a3cb9ba2693b0d7ff73__aug01,pv_8a3cb9ba2693b0d7ff73,train,unhealthy,plantvillage,Tomato___Target_Spot,diseased_leaf,pv:Tomato___Target_Spot:7fff26be-4802-4778-97cf-96d5a9e4f127,1,"{""horizontal_flip"":true,""zoom"":1.0716,""rotation_degrees"":7.523,""brightness"":1.1422,""contrast"":0.99,""saturation"":0.9452,""blur_radius"":0.0,""noise_sigma"":5.588,""noise_seed"":3946547278,""jpeg_quality"":68}",images/train/unhealthy/pv_8a3cb9ba2693b0d7ff73__aug01.jpg,320,240,68,8a2373afb0c106e962d651d2b56d44fbf8ec785c14825ff1d29186abd1b12d5d
pv_46d06833fb9472b57bb4,pv_46d06833fb9472b57bb4,test,unhealthy,plantvillage,Tomato___Target_Spot,diseased_leaf,pv:Tomato___Target_Spot:e24a0993-be2f-475d-95b0-71c3fac986e2,0,none,images/test/unhealthy/pv_46d06833fb9472b57bb4.jpg,320,240,80,d211cdb8d57ce3d40c7028bc777ac971c53c428c4b6483f83adf66761201b4f8
pv_f4ee8b21754fa827e3e1,pv_f4ee8b21754fa827e3e1,train,unhealthy,plantvillage,Tomato___Tomato_Yellow_Leaf_Curl_Virus,diseased_leaf,pv:['Tomato___Tomato_Yellow_Leaf_Curl_Virus:::12.0'],0,none,images/train/unhealthy/pv_f4ee8b21754fa827e3e1.jpg,320,240,80,e9831c8151af91ad5aa32ce5264793333a9655f8ebd07ad79b857cb21e1ba774
pv_f4ee8b21754fa827e3e1__aug01,pv_f4ee8b21754fa827e3e1,train,unhealthy,plantvillage,Tomato___Tomato_Yellow_Leaf_Curl_Virus,diseased_leaf,pv:['Tomato___Tomato_Yellow_Leaf_Curl_Virus:::12.0'],1,"{""horizontal_flip"":true,""zoom"":1.0014,""rotation_degrees"":7.225,""brightness"":0.9344,""contrast"":1.0638,""saturation"":0.8197,""blur_radius"":0.544,""noise_sigma"":3.401,""noise_seed"":1223935956,""jpeg_quality"":69}",images/train/unhealthy/pv_f4ee8b21754fa827e3e1__aug01.jpg,320,240,69,2e3a557ba21975c5a0350bd07af47fad4ba0f8c522ceb3775bd1ff600bfd15fe
pv_ab5b4393ae28696f71a9,pv_ab5b4393ae28696f71a9,train,unhealthy,plantvillage,Tomato___Tomato_Yellow_Leaf_Curl_Virus,diseased_leaf,pv:['Tomato___Tomato_Yellow_Leaf_Curl_Virus:::468.0'],0,none,images/train/unhealthy/pv_ab5b4393ae28696f71a9.jpg,320,240,80,909ad9698f47af7cdeae89765ea866c027bdcd108416aaea1c11a53a24ab44d6
pv_ab5b4393ae28696f71a9__aug01,pv_ab5b4393ae28696f71a9,train,unhealthy,plantvillage,Tomato___Tomato_Yellow_Leaf_Curl_Virus,diseased_leaf,pv:['Tomato___Tomato_Yellow_Leaf_Curl_Virus:::468.0'],1,"{""horizontal_flip"":true,""zoom"":1.011,""rotation_degrees"":-5.132,""brightness"":0.847,""contrast"":1.0043,""saturation"":0.9321,""blur_radius"":0.0,""noise_sigma"":3.388,""noise_seed"":3900957945,""jpeg_quality"":55}",images/train/unhealthy/pv_ab5b4393ae28696f71a9__aug01.jpg,320,240,55,6100dc1472482d685f3a679d72688f8217d91926a4cd106d88d440b923e03925
pv_8fe9b48f95a778b3ce10,pv_8fe9b48f95a778b3ce10,validation,unhealthy,plantvillage,Tomato___Tomato_Yellow_Leaf_Curl_Virus,diseased_leaf,pv:['Tomato___Tomato_Yellow_Leaf_Curl_Virus:::117.0'],0,none,images/validation/unhealthy/pv_8fe9b48f95a778b3ce10.jpg,320,240,80,82a9aab1dc084b1ac86e13a0ffe6c6bbd59969ca16e4b637bbb002a5f61ef37c
pv_1d725e911bce72132ed3,pv_1d725e911bce72132ed3,test,unhealthy,plantvillage,Tomato___Tomato_Yellow_Leaf_Curl_Virus,diseased_leaf,pv:Tomato___Tomato_Yellow_Leaf_Curl_Virus:2212d23a-39d6-49a5-8335-6f813daf1885,0,none,images/test/unhealthy/pv_1d725e911bce72132ed3.jpg,320,240,80,21596b8b8c90443df894a033b9052afd7a2682636d1c966fe6ff71e0b81cfd1c
pv_28fbfe9348a579c94b2c,pv_28fbfe9348a579c94b2c,train,unhealthy,plantvillage,Tomato___Tomato_mosaic_virus,diseased_leaf,pv:Tomato___Tomato_mosaic_virus:046a2559-23b4-4018-a3db-337347ceb391,0,none,images/train/unhealthy/pv_28fbfe9348a579c94b2c.jpg,320,240,80,51e236d59016647b7d22f2d7fe0701e1dd432677c568856ab73ba1cf1015a505
pv_28fbfe9348a579c94b2c__aug01,pv_28fbfe9348a579c94b2c,train,unhealthy,plantvillage,Tomato___Tomato_mosaic_virus,diseased_leaf,pv:Tomato___Tomato_mosaic_virus:046a2559-23b4-4018-a3db-337347ceb391,1,"{""horizontal_flip"":false,""zoom"":1.0332,""rotation_degrees"":-6.194,""brightness"":0.9539,""contrast"":0.916,""saturation"":0.8125,""blur_radius"":0.0,""noise_sigma"":4.697,""noise_seed"":1576262843,""jpeg_quality"":53}",images/train/unhealthy/pv_28fbfe9348a579c94b2c__aug01.jpg,320,240,53,15f4d5cbb46c073915c93cd9fea9da093e33daa75f0bc4ecf06d3e1c08545ffb
pv_2a75b67176ee09bb4c28,pv_2a75b67176ee09bb4c28,test,unhealthy,plantvillage,Tomato___Tomato_mosaic_virus,diseased_leaf,pv:Tomato___Tomato_mosaic_virus:cfd8a28f-7af7-4102-b848-0b6d1b2c60e4,0,none,images/test/unhealthy/pv_2a75b67176ee09bb4c28.jpg,320,240,80,2f2b9bb6f43dd5de7bde4496c6c3bb124a58970fe10ecae6b4548c60dd9d085f
pv_ca62be42588f05ce32c0,pv_ca62be42588f05ce32c0,train,unhealthy,plantvillage,Tomato___Tomato_mosaic_virus,diseased_leaf,pv:Tomato___Tomato_mosaic_virus:9ef0e7b7-ce38-4829-aad9-23b954a26000,0,none,images/train/unhealthy/pv_ca62be42588f05ce32c0.jpg,320,240,80,0255039cc6519de43dd007937dadfd2c33b6ac6c570523d1db45f04c0e2768d0
pv_ca62be42588f05ce32c0__aug01,pv_ca62be42588f05ce32c0,train,unhealthy,plantvillage,Tomato___Tomato_mosaic_virus,diseased_leaf,pv:Tomato___Tomato_mosaic_virus:9ef0e7b7-ce38-4829-aad9-23b954a26000,1,"{""horizontal_flip"":true,""zoom"":1.1022,""rotation_degrees"":-7.914,""brightness"":0.8291,""contrast"":1.0597,""saturation"":1.0175,""blur_radius"":0.0,""noise_sigma"":4.235,""noise_seed"":110597992,""jpeg_quality"":63}",images/train/unhealthy/pv_ca62be42588f05ce32c0__aug01.jpg,320,240,63,7fc59e33d1e82bd7c7f9c719b7b6572d536fa79a64aeff907c064889f27ee2f3
pv_1ea07946af2ab56a4a68,pv_1ea07946af2ab56a4a68,validation,unhealthy,plantvillage,Tomato___Tomato_mosaic_virus,diseased_leaf,pv:Tomato___Tomato_mosaic_virus:7e30ae4f-05e2-4806-ad63-c86fb601d445,0,none,images/validation/unhealthy/pv_1ea07946af2ab56a4a68.jpg,320,240,80,1b8a0316421086e8aac45062f9a0c9d357c82a7fe9898a1aadb4febddac78a7e
04_bde999e85ba7abcb,04_bde999e85ba7abcb,train,healthy,field_garden,tomato,healthy,field:inat:152156739,0,none,images/train/healthy/04_bde999e85ba7abcb.jpg,320,240,80,1adaa7a2077f74344fde15c278809cb0107ac3aa7e84913cdfd870829c4a6e85
05_53ef91d4d2f10f1b,05_53ef91d4d2f10f1b,train,healthy,field_garden,tomato,healthy,field:inat:152156739,0,none,images/train/healthy/05_53ef91d4d2f10f1b.jpg,320,240,80,4a9030a8d98d71816a1944d689dc5d2ba10e7b6a9efcd0f9220daa5bb0ef7566
07_ebd570b4ee5dd48f,07_ebd570b4ee5dd48f,train,healthy,field_garden,tomato,healthy,field:inat:183956055,0,none,images/train/healthy/07_ebd570b4ee5dd48f.jpg,320,240,80,065bc8a0414cc0f0bc31d931cdc446fa0ab6fd86fa3bba92e8c5da17ab5d1e6d
09_13a86da0ec26a2aa,09_13a86da0ec26a2aa,train,healthy,field_garden,tomato,healthy,field:inat:346001937,0,none,images/train/healthy/09_13a86da0ec26a2aa.jpg,320,240,80,22bbde7a3e3f6c8cd876cf579c81c6ada3030def7ce9e2ac9726452050cb3e25
10_f123bd4434fcd069,10_f123bd4434fcd069,train,healthy,field_garden,tomato,healthy,field:inat:346001937,0,none,images/train/healthy/10_f123bd4434fcd069.jpg,320,240,80,5d7244ae6b7fa2baf776e3068f7758d79c2b544a08cf55f9516647eb42b5dd0f
sylvan-sample-168,sylvan-sample-168,train,unhealthy,esp32_cam,user_captured_plant,bare_branch_or_stem,esp32cam:branch_sequence:20260929,0,none,images/train/unhealthy/sylvan-sample-168.jpg,320,240,80,e486ac1b9b8c78deda61a676dd278e8a34da98afff843513ccc67ebad326b13c
sylvan-sample-174,sylvan-sample-174,train,unhealthy,esp32_cam,user_captured_plant,bare_branch_or_stem,esp32cam:branch_sequence:20260929,0,none,images/train/unhealthy/sylvan-sample-174.jpg,320,240,80,1ea97886131919316f76c20b1316b5cea81b0169acef5f9bfc9f294d38c4afad
sylvan-sample-175,sylvan-sample-175,train,unhealthy,esp32_cam,user_captured_plant,bare_branch_or_stem,esp32cam:branch_sequence:20260929,0,none,images/train/unhealthy/sylvan-sample-175.jpg,320,240,80,5b1fe980f1260a810acec424e457f611e77a766832299286138ba669468cedac
sylvan-sample-179,sylvan-sample-179,train,unhealthy,esp32_cam,user_captured_plant,bare_branch_or_stem,esp32cam:branch_sequence:20260929,0,none,images/train/unhealthy/sylvan-sample-179.jpg,320,240,80,855b3d37d84585e0630f5a1bea56f081c19ba911e78c1020a672afbd703ccdf9
sylvan-sample-181,sylvan-sample-181,train,unhealthy,esp32_cam,user_captured_plant,bare_branch_or_stem,esp32cam:branch_sequence:20260929,0,none,images/train/unhealthy/sylvan-sample-181.jpg,320,240,80,255b0e54df67fe9e8d9ee18515eeb7ab54f0c907a344b22e29f541dc60855416
sylvan-sample-182,sylvan-sample-182,train,unhealthy,esp32_cam,user_captured_plant,bare_branch_or_stem,esp32cam:branch_sequence:20260929,0,none,images/train/unhealthy/sylvan-sample-182.jpg,320,240,80,d28eacedf32343c10c9bc15def2ca173837edff23279d7c98474cd76b92b7371
sylvan-sample-184,sylvan-sample-184,train,unhealthy,esp32_cam,user_captured_plant,bare_branch_or_stem,esp32cam:branch_sequence:20260929,0,none,images/train/unhealthy/sylvan-sample-184.jpg,320,240,80,05d85069e20129e51412fd3607b09448c40e3e6eb6b281e8c09a8e41f352dcc8
sylvan-sample-185,sylvan-sample-185,train,unhealthy,esp32_cam,user_captured_plant,bare_branch_or_stem,esp32cam:branch_sequence:20260929,0,none,images/train/unhealthy/sylvan-sample-185.jpg,320,240,80,147b2698a8f644fbc8ad46ff9234ccb5c4dc25aed8bf84296a230873a3fb3cf9
sylvan-sample-186,sylvan-sample-186,train,unhealthy,esp32_cam,user_captured_plant,bare_branch_or_stem,esp32cam:branch_sequence:20260929,0,none,images/train/unhealthy/sylvan-sample-186.jpg,320,240,80,dc6fedddbfc3423390269f612c54db9e7e742cfc82796a4a34f18677c701dbf8
